seed,task_id,base_normal_z
2026092000,1,-0.29663123672698899
2026092000,2,-1.6486140774855587
2026092000,3,-1.5431200903814066
2026092000,4,-0.098787091311550265
2026092000,5,-0.16587462590485971
2026092000,6,-0.74194488271179315
2026092000,7,0.26742089444106232
2026092000,8,0.82591269281505519
2026092000,9,0.58724355917647242
2026092000,10,0.87019460374841651
2026092000,11,-0.5940416083251534
2026092000,12,-1.4743859584617247
2026092000,13,0.014702970151653599
2026092000,14,-1.0764250971675953
2026092000,15,-0.51375879941218305
2026092000,16,0.59550045944569563
2026092000,17,-1.9947741346597565
2026092000,18,1.7453656917434091
2026092000,19,0.891057198686667
2026092000,20,-1.0411986255359129
2026092001,1,-0.25941065651360257
2026092001,2,-0.44042060093586294
2026092001,3,1.2529976583390592
2026092001,4,1.3480458250783287
2026092001,5,0.25999737683029178
2026092001,6,0.34561021379830664
2026092001,7,-0.6492209177391447
2026092001,8,-0.51478391151940184
2026092001,9,-1.9797005688892491
2026092001,10,-1.963983453927902
2026092001,11,-0.78520926643921107
2026092001,12,-1.1896222243304169
2026092001,13,-0.67808686506821481
2026092001,14,-0.30014827446119707
2026092001,15,0.99511413504033175
2026092001,16,-0.082526366339738921
2026092001,17,0.57660174566764277
2026092001,18,1.1212475044448744
2026092001,19,-0.40122333316850789
2026092001,20,-0.65750242766970546
2026092002,1,-0.52400572844109672
2026092002,2,-0.021144299549113781
2026092002,3,-0.95886594918290691
2026092002,4,0.030347353880016446
2026092002,5,0.75654910012202636
2026092002,6,-0.13139873362718268
2026092002,7,-1.165937050201622
2026092002,8,-0.57684167917823392
2026092002,9,-2.1022347612650152
2026092002,10,-0.37311659607462355
2026092002,11,-0.47466605834337033
2026092002,12,-0.6449985249725454
2026092002,13,2.7741594494982813
2026092002,14,-1.0281499980857278
2026092002,15,0.74879020874852764
2026092002,16,0.70088882417155396
2026092002,17,1.9640257895861537
2026092002,18,1.442773290141917
2026092002,19,-0.62800406932875452
2026092002,20,-0.5753749773436615
2026092003,1,1.4430548136228256
2026092003,2,-0.77710243281164426
2026092003,3,0.8728575015056621
2026092003,4,-1.4187219348065152
2026092003,5,-0.93132227532944123
2026092003,6,-1.2574493352723619
2026092003,7,-0.32431198373889075
2026092003,8,0.25524244518572192
2026092003,9,-1.1279938641639191
2026092003,10,0.25413293336486464
2026092003,11,1.1740950960458332
2026092003,12,-1.5833528039900784
2026092003,13,1.4757205776251858
2026092003,14,-0.54726850591844811
2026092003,15,1.5177336922191385
2026092003,16,0.69556884360358551
2026092003,17,0.83733792461686918
2026092003,18,-0.98265965685544698
2026092003,19,-1.9040752279106195
2026092003,20,0.45207079459535027
2026092004,1,-0.35722699286006709
2026092004,2,-1.3286615624848188
2026092004,3,0.2828820201228206
2026092004,4,-0.2647184569475477
2026092004,5,1.983503181857045
2026092004,6,-0.22023041099390836
2026092004,7,-0.15666961361290363
2026092004,8,1.4642184546915784
2026092004,9,-0.94770384001862928
2026092004,10,-0.30013652034697946
2026092004,11,-1.7026008722575336
2026092004,12,0.11753756875087079
2026092004,13,-0.11934080599840691
2026092004,14,-0.1611795063421628
2026092004,15,-1.5950586004761476
2026092004,16,1.5657043797514769
2026092004,17,1.2732731048023489
2026092004,18,-0.61706605642815016
2026092004,19,0.49294064199018778
2026092004,20,-1.1372385377736787
2026092005,1,0.028569538448445366
2026092005,2,-1.9825781582724782
2026092005,3,1.2158751005392328
2026092005,4,0.71265768862850787
2026092005,5,0.1102549022239054
2026092005,6,-0.17457351938735252
2026092005,7,-0.32387371284147354
2026092005,8,0.92688292399482719
2026092005,9,0.076838091617129733
2026092005,10,0.84485291077119429
2026092005,11,-1.895974943451515
2026092005,12,0.32271373475734849
2026092005,13,-1.0054082418312138
2026092005,14,1.1805808948781114
2026092005,15,0.25489251347589431
2026092005,16,0.090320580987479582
2026092005,17,0.11541223443491189
2026092005,18,-2.1287644136785038
2026092005,19,0.51125043951400861
2026092005,20,1.7210891580762131
2026092006,1,-1.5402302629152018
2026092006,2,0.36016764204861312
2026092006,3,-2.3708602001459589
2026092006,4,-0.18202704365039485
2026092006,5,-0.13378758131378229
2026092006,6,1.5563719263955917
2026092006,7,0.29297317636199477
2026092006,8,0.86468889062341614
2026092006,9,1.9034507470066004
2026092006,10,-0.81489842247126099
2026092006,11,0.45288221655158822
2026092006,12,0.40676927988071415
2026092006,13,-0.52658027152700337
2026092006,14,-2.7280384457542279
2026092006,15,-0.20949878766354785
2026092006,16,-0.16146481000899127
2026092006,17,-0.35958027761521433
2026092006,18,0.22809311858965292
2026092006,19,-0.017347110491048461
2026092006,20,-1.4004199978492642
2026092007,1,-2.064595055711107
2026092007,2,-0.39464797493357268
2026092007,3,1.4644157232905153
2026092007,4,-0.57351622878314612
2026092007,5,0.7304285910821483
2026092007,6,0.88200989530606555
2026092007,7,-0.3152583689219246
2026092007,8,0.42641523969113831
2026092007,9,0.061063558349613446
2026092007,10,-1.3385036880798171
2026092007,11,-0.076640416516822366
2026092007,12,-1.6996723995518035
2026092007,13,0.75462377458079533
2026092007,14,0.7906100308192493
2026092007,15,-1.9336520465034579
2026092007,16,-0.27496486598713471
2026092007,17,-0.13508088355385414
2026092007,18,0.40476064350615942
2026092007,19,-0.52475345505081217
2026092007,20,-0.48322845700471523
2026092008,1,-1.2624117274638453
2026092008,2,1.1598583885891951
2026092008,3,-0.60994766062346739
2026092008,4,0.68864605927890654
2026092008,5,1.08037770291213
2026092008,6,-1.4610095088701069
2026092008,7,-0.6879138695559448
2026092008,8,0.57543116392230576
2026092008,9,-0.86138347062848397
2026092008,10,-1.5335096084050546
2026092008,11,-0.82727726404532553
2026092008,12,0.60782134794514531
2026092008,13,0.52535759336097188
2026092008,14,-0.70595353019032692
2026092008,15,0.013000609796390825
2026092008,16,-0.73404997691587992
2026092008,17,-0.86841747081835374
2026092008,18,1.0137157988503063
2026092008,19,-0.15490553234688356
2026092008,20,-0.43757292266272219
2026092009,1,-0.97178744164465081
2026092009,2,0.97160222603641966
2026092009,3,-1.2659274367739113
2026092009,4,-0.064944948426695626
2026092009,5,-0.87734780688567371
2026092009,6,1.3865050726749029
2026092009,7,-0.18279202122120575
2026092009,8,-0.75262154960078953
2026092009,9,-0.83675851934313861
2026092009,10,0.87066964695812266
2026092009,11,-0.93695100069133608
2026092009,12,0.34032644336669915
2026092009,13,0.85027965182579979
2026092009,14,-0.28500114042207703
2026092009,15,-0.38708718954260335
2026092009,16,0.75111089035675405
2026092009,17,-0.15776067576295072
2026092009,18,-0.44928697560950748
2026092009,19,0.23533217680609231
2026092009,20,-0.64957410694476936
2026092010,1,-0.17864832637598441
2026092010,2,0.48312239999658302
2026092010,3,0.37474060953569832
2026092010,4,2.0761493606801609
2026092010,5,-1.0895301344526738
2026092010,6,0.10901840902503654
2026092010,7,1.4724221527585142
2026092010,8,-1.4698734955240489
2026092010,9,-0.7551023959418377
2026092010,10,-0.40911112498248664
2026092010,11,0.25631496540892962
2026092010,12,0.65244620977976653
2026092010,13,0.54723190762643981
2026092010,14,1.0632905880126704
2026092010,15,0.31397273856748809
2026092010,16,-0.40690099737185231
2026092010,17,-0.82132526384791615
2026092010,18,-0.91843485174935791
2026092010,19,0.11248197632321125
2026092010,20,0.44763403465342694
2026092011,1,0.47860263722627722
2026092011,2,0.18189461798314502
2026092011,3,-1.2805260863377617
2026092011,4,0.65756887629109706
2026092011,5,-0.60648653036357736
2026092011,6,1.0770887567614045
2026092011,7,0.090221705779808578
2026092011,8,1.5155001635844152
2026092011,9,-0.18922351754504102
2026092011,10,-1.2886026512752664
2026092011,11,0.1284160504574845
2026092011,12,0.14391530142484099
2026092011,13,-0.6699938845261707
2026092011,14,0.32576611946907624
2026092011,15,0.096562918448037702
2026092011,16,1.2643623424184327
2026092011,17,-0.30498633537454461
2026092011,18,0.61478002268157561
2026092011,19,-0.90264746897710746
2026092011,20,0.97896167271775969
2026092012,1,-0.62391266425372904
2026092012,2,0.098673897324798032
2026092012,3,-1.1907728906109023
2026092012,4,-2.7627141773934185
2026092012,5,-0.33118027186278537
2026092012,6,-0.8419058993012416
2026092012,7,1.2435347508105661
2026092012,8,1.309634825609812
2026092012,9,0.16864218484501886
2026092012,10,-0.5128748816192944
2026092012,11,0.74257287144543449
2026092012,12,0.18003464573485897
2026092012,13,-1.4990675473155395
2026092012,14,-1.2561638506096346
2026092012,15,1.1927017566394595
2026092012,16,1.6753782521627343
2026092012,17,1.646575179866973
2026092012,18,0.33394885197776103
2026092012,19,0.50211729085121304
2026092012,20,-0.59165071616096365
2026092013,1,-0.52705413516360433
2026092013,2,0.60362939565984686
2026092013,3,0.69199407008968428
2026092013,4,0.5376672964295518
2026092013,5,0.8010574236148984
2026092013,6,0.27956513615995221
2026092013,7,1.3102818719893241
2026092013,8,1.9984828589802475
2026092013,9,-1.1488404037898805
2026092013,10,1.1087725704439773
2026092013,11,0.24401170419018939
2026092013,12,0.43669807376028769
2026092013,13,-0.21167556758108813
2026092013,14,-0.62839740324114179
2026092013,15,0.25608417191156568
2026092013,16,-0.72901819907331189
2026092013,17,0.77406729338671354
2026092013,18,1.0428641043394573
2026092013,19,0.35027157573571643
2026092013,20,1.7477246130042596
2026092014,1,0.23252015202675208
2026092014,2,0.49411450220623016
2026092014,3,0.40904906141537201
2026092014,4,-2.1701843165532213
2026092014,5,-0.61913927969424498
2026092014,6,-0.26360291564947735
2026092014,7,0.99022441376558556
2026092014,8,-0.05148259730758941
2026092014,9,-1.7529979325618057
2026092014,10,-0.9302448357339127
2026092014,11,1.8470179448099451
2026092014,12,0.63696745180578584
2026092014,13,1.3209871822622226
2026092014,14,0.95741955435050874
2026092014,15,1.2496225317426355
2026092014,16,-0.25578091148388737
2026092014,17,-0.76339048710535107
2026092014,18,-3.4104945334232077
2026092014,19,-0.35146179325001992
2026092014,20,-0.36278863950320173
2026092015,1,1.1051576831836132
2026092015,2,1.6660958727147679
2026092015,3,0.75148766542887202
2026092015,4,-0.5760369701470488
2026092015,5,0.75848857534711567
2026092015,6,-1.5272156182971379
2026092015,7,0.0081360555844811281
2026092015,8,2.0079174685694237
2026092015,9,0.38044608565696875
2026092015,10,-0.27597906036576242
2026092015,11,0.50432574584468459
2026092015,12,0.50322868404803456
2026092015,13,-2.4665077676487299
2026092015,14,0.46043970888717317
2026092015,15,-1.5753614379109806
2026092015,16,-0.91263159915447589
2026092015,17,2.0111918309068586
2026092015,18,0.23398924537000348
2026092015,19,0.52288784914281439
2026092015,20,2.3581988564541696
2026092016,1,-0.25072250249337452
2026092016,2,1.0345853611061111
2026092016,3,0.82225914477550566
2026092016,4,0.36452583458821586
2026092016,5,1.4052549750418832
2026092016,6,-0.31373938020039344
2026092016,7,0.059490712907965156
2026092016,8,1.1125635111364944
2026092016,9,-1.4139446886590079
2026092016,10,-1.8091075917885888
2026092016,11,-1.0900556356560995
2026092016,12,1.2367038090304747
2026092016,13,-0.96940129946968479
2026092016,14,-1.1326965405523564
2026092016,15,0.745817224920584
2026092016,16,0.76818071740729243
2026092016,17,-0.061185541654891734
2026092016,18,-0.6052685386012252
2026092016,19,1.8844070217318001
2026092016,20,-0.34590785858571543
2026092017,1,1.777668199585396
2026092017,2,-0.040781056981766935
2026092017,3,0.91757391992385484
2026092017,4,-0.45100370468064349
2026092017,5,-1.3275973246927508
2026092017,6,-0.62781334616740125
2026092017,7,0.49837858440908211
2026092017,8,-0.75705426308054469
2026092017,9,-0.31032319995417113
2026092017,10,-0.68892418701938418
2026092017,11,0.046317539810930043
2026092017,12,-0.66812357651757326
2026092017,13,0.7220848002404523
2026092017,14,0.74796140062285188
2026092017,15,0.091566199575681462
2026092017,16,-0.19304359537858001
2026092017,17,0.19163908964481988
2026092017,18,1.0325416562398215
2026092017,19,0.38173581534216861
2026092017,20,0.48934989738649498
2026092018,1,-0.10233649568250723
2026092018,2,-1.8751031621109882
2026092018,3,-1.0148498862475317
2026092018,4,0.74590604322817411
2026092018,5,0.35376437152384288
2026092018,6,-0.82109297299444362
2026092018,7,1.7518122461878738
2026092018,8,-0.26181420023317697
2026092018,9,0.4087972934040523
2026092018,10,0.19815837824466356
2026092018,11,-0.13422619688125698
2026092018,12,1.0722577007993519
2026092018,13,0.38559403135228842
2026092018,14,0.6792242021825543
2026092018,15,1.8571892293100005
2026092018,16,-0.80152016290820571
2026092018,17,0.11534248910708536
2026092018,18,-0.097066356811452328
2026092018,19,0.13040041601481803
2026092018,20,-0.97523957859071608
2026092019,1,0.52001097148719277
2026092019,2,-0.10000566809324532
2026092019,3,0.93787879190919932
2026092019,4,-0.69664624820097432
2026092019,5,0.047899227006528079
2026092019,6,-1.0040578604237642
2026092019,7,-0.75560589165014913
2026092019,8,0.24561320412487414
2026092019,9,0.73461494629524482
2026092019,10,-1.0090622457395022
2026092019,11,0.13011623494014377
2026092019,12,-2.4133294903441547
2026092019,13,-1.2942222755146324
2026092019,14,-1.01424705246943
2026092019,15,0.14405782483367036
2026092019,16,-0.067156115317619239
2026092019,17,-0.016776767177274651
2026092019,18,0.1690160631786771
2026092019,19,-0.8206161646078789
2026092019,20,1.8073938449006013
2026092020,1,-0.46839077311510491
2026092020,2,0.99556482902534016
2026092020,3,0.6550086558114393
2026092020,4,-0.24581396700434344
2026092020,5,0.28124446771102968
2026092020,6,-1.0805486621638183
2026092020,7,0.50802131770074566
2026092020,8,-1.2488328175335655
2026092020,9,1.5378271190099151
2026092020,10,-1.5136455206409061
2026092020,11,0.30625446074127827
2026092020,12,-0.78492794960643208
2026092020,13,-0.82679115655681801
2026092020,14,1.0514897213567163
2026092020,15,0.011510252401737394
2026092020,16,1.0084172429087139
2026092020,17,-0.09702033035587658
2026092020,18,-0.15989440499987323
2026092020,19,-1.4901214025740135
2026092020,20,0.55246682297635741
2026092021,1,0.14394271895223157
2026092021,2,-0.28955873022641515
2026092021,3,-0.59944351180023459
2026092021,4,-0.98024636836280987
2026092021,5,0.62965872662576949
2026092021,6,1.8451397762229005
2026092021,7,-0.2708833592833676
2026092021,8,-1.6060960540954445
2026092021,9,-0.034267935016005543
2026092021,10,-0.93612141821003247
2026092021,11,0.86566882289511515
2026092021,12,0.73271711263227002
2026092021,13,-1.1825732929780841
2026092021,14,-0.65040950848835266
2026092021,15,1.0706694838056579
2026092021,16,0.96838290328924681
2026092021,17,-1.1997222008381967
2026092021,18,0.10032826390030969
2026092021,19,0.82030047094678726
2026092021,20,0.48480358688774183
2026092022,1,0.16950014269404237
2026092022,2,-0.511384372552392
2026092022,3,-1.6632906917678936
2026092022,4,2.1116278343728392
2026092022,5,0.85032022176293154
2026092022,6,-0.61629359574773401
2026092022,7,1.3411127496693094
2026092022,8,-1.6565557137276508
2026092022,9,-0.44005777423460585
2026092022,10,0.1835995670837112
2026092022,11,0.0065346278848385751
2026092022,12,-1.8221228709569255
2026092022,13,0.49454969044207431
2026092022,14,0.14951863630559359
2026092022,15,-0.33197482881820667
2026092022,16,0.44512665543308505
2026092022,17,-1.6575293161582063
2026092022,18,0.93025649735125548
2026092022,19,0.045351925492199498
2026092022,20,0.23971048223600236
2026092023,1,-0.89602766826304991
2026092023,2,0.79639339641589568
2026092023,3,0.28366173081792456
2026092023,4,0.39815450783775147
2026092023,5,-0.031137060182082506
2026092023,6,1.5394128962851628
2026092023,7,1.2911564663177404
2026092023,8,-2.2705788120382269
2026092023,9,-1.7097868233109876
2026092023,10,1.4101214420453185
2026092023,11,0.098740635874058125
2026092023,12,0.036992139971908575
2026092023,13,0.78952641846028615
2026092023,14,0.36644065591177477
2026092023,15,0.71648299677020733
2026092023,16,-1.2404413702226167
2026092023,17,-0.016805546783439599
2026092023,18,-1.3052317517550935
2026092023,19,1.2250440838173817
2026092023,20,0.55645322345666837
2026092024,1,-0.75322101542015907
2026092024,2,0.77416042460249901
2026092024,3,-2.043080258128354
2026092024,4,0.21296263326032555
2026092024,5,0.2732093637605208
2026092024,6,-0.37036764684168516
2026092024,7,-0.18712751298976116
2026092024,8,0.54320057297282132
2026092024,9,0.078450088480279331
2026092024,10,0.75488833422727464
2026092024,11,1.1162365681630477
2026092024,12,2.5268784353865579
2026092024,13,0.96515257267780252
2026092024,14,0.64844630256281621
2026092024,15,0.71241693644078952
2026092024,16,0.53611584689411396
2026092024,17,-0.1578750286717667
2026092024,18,-0.65784481951560814
2026092024,19,0.21960082300032299
2026092024,20,-1.2594595008718517
2026092025,1,0.51810183278763211
2026092025,2,0.45526674646285242
2026092025,3,-0.72640321920443518
2026092025,4,-0.31409121451594418
2026092025,5,-0.72391979559586672
2026092025,6,0.13268321881420106
2026092025,7,1.8396576016749411
2026092025,8,-0.34795010561252054
2026092025,9,0.493130203393294
2026092025,10,0.069196468089561133
2026092025,11,0.17442164844558569
2026092025,12,1.1099569999333778
2026092025,13,0.18338576704183338
2026092025,14,0.55731660016172924
2026092025,15,1.3266958598903491
2026092025,16,-1.5721309020761758
2026092025,17,-0.86984023194606042
2026092025,18,0.24026133527427368
2026092025,19,-0.5994391674670021
2026092025,20,-0.45233652910402811
2026092026,1,0.10430854081501642
2026092026,2,0.48955917741726024
2026092026,3,-1.173014567844002
2026092026,4,0.43832922257346002
2026092026,5,-0.056759929714604758
2026092026,6,-1.5730674380511462
2026092026,7,3.3512901841412321
2026092026,8,-0.37418218688576688
2026092026,9,0.065761823188636423
2026092026,10,-0.022854254753139163
2026092026,11,-0.62350527836369207
2026092026,12,0.23786729200167642
2026092026,13,-0.33192796469776614
2026092026,14,-0.1740303727040011
2026092026,15,-0.070571806381338364
2026092026,16,0.77239786225731732
2026092026,17,-0.33834131894021058
2026092026,18,0.0088364774890455806
2026092026,19,0.25674704607636639
2026092026,20,0.095559672611148089
2026092027,1,2.2079858693322367
2026092027,2,0.115446804762417
2026092027,3,0.99185553440471208
2026092027,4,0.236662393978192
2026092027,5,0.44318571888655406
2026092027,6,-1.2004100368468589
2026092027,7,-0.53707131213402082
2026092027,8,-1.2428294041122137
2026092027,9,0.50058178309142976
2026092027,10,-0.035125853167180456
2026092027,11,-0.020320561320570366
2026092027,12,1.3487725875378556
2026092027,13,-1.7976069320811869
2026092027,14,1.2914989378489752
2026092027,15,0.80526680400337747
2026092027,16,1.3930027260557121
2026092027,17,1.0452042971385944
2026092027,18,0.16256709991273025
2026092027,19,-2.6548687089992455
2026092027,20,0.28841314411343433
2026092028,1,-1.878682253120098
2026092028,2,0.1628482826264066
2026092028,3,-0.24584960549466142
2026092028,4,0.077924723261070958
2026092028,5,-0.45109865328423271
2026092028,6,-0.21802548088664989
2026092028,7,0.32787896402742633
2026092028,8,-0.93520587625096174
2026092028,9,-0.2841329286969605
2026092028,10,0.2445502423149632
2026092028,11,1.3694695296378137
2026092028,12,0.17122676303930473
2026092028,13,0.689683131493674
2026092028,14,0.92309230544342946
2026092028,15,-1.3029951708462391
2026092028,16,-1.0583277390181955
2026092028,17,0.052759112231097909
2026092028,18,1.0374426060465272
2026092028,19,1.6652649187943438
2026092028,20,0.99935058084276629
2026092029,1,0.21009048003887595
2026092029,2,-0.046007821239341259
2026092029,3,0.048048932034680414
2026092029,4,-0.3833855653907009
2026092029,5,-0.056744191352683764
2026092029,6,-0.24956337087631911
2026092029,7,-0.53081215521988456
2026092029,8,-1.1429876866789026
2026092029,9,-1.5543902594725587
2026092029,10,0.0057985740966983133
2026092029,11,-0.55448946771078111
2026092029,12,-2.8362412713444201
2026092029,13,-0.76478421108140782
2026092029,14,0.17708967570398942
2026092029,15,0.88096499097668746
2026092029,16,-0.82176916833685698
2026092029,17,-0.24055063718420469
2026092029,18,-0.11703668517833103
2026092029,19,2.1803743195620258
2026092029,20,-1.2588693946390277
2026092030,1,-1.5577140261637912
2026092030,2,-0.058109669341241649
2026092030,3,-0.2519673344017942
2026092030,4,1.0568138348560128
2026092030,5,0.54508842356084775
2026092030,6,0.18650122084807716
2026092030,7,-0.28847835516913789
2026092030,8,1.6289965775344675
2026092030,9,0.19509874442291961
2026092030,10,0.55608638302852387
2026092030,11,-0.84037600172334215
2026092030,12,-0.15077810218611434
2026092030,13,-0.1783089908311227
2026092030,14,0.61532659682506197
2026092030,15,-1.6270895696116656
2026092030,16,0.14877318994200672
2026092030,17,0.33089885391202312
2026092030,18,-0.20141150251014442
2026092030,19,-0.46923072696551105
2026092030,20,-0.2344423823703787
2026092031,1,-1.8898001988960498
2026092031,2,0.46875475400890027
2026092031,3,-1.2188391714155378
2026092031,4,-0.5215631734520072
2026092031,5,1.5986317477834375
2026092031,6,-0.41175403276001843
2026092031,7,1.6674064263801023
2026092031,8,0.4946339227146585
2026092031,9,-0.56764319712768418
2026092031,10,0.44436036227909775
2026092031,11,-1.9799211943624724
2026092031,12,-1.292082298858092
2026092031,13,1.3282415258245037
2026092031,14,0.89196280555707308
2026092031,15,0.36727352396456364
2026092031,16,0.1647493235930842
2026092031,17,0.87524098108389758
2026092031,18,0.38978167111318029
2026092031,19,-1.1719408898063681
2026092031,20,-0.36440859148162735
2026092032,1,0.15344792665240314
2026092032,2,-0.63127798592363449
2026092032,3,-0.33510447245817465
2026092032,4,-0.10730651047618234
2026092032,5,-1.2385148308074119
2026092032,6,1.6971445402188574
2026092032,7,-0.43534002350647755
2026092032,8,-0.93149826904667943
2026092032,9,-2.6836394137093338
2026092032,10,-1.1305014453918432
2026092032,11,0.53730633024307162
2026092032,12,0.073986999704136858
2026092032,13,0.326227011378597
2026092032,14,1.5140403930642818
2026092032,15,-2.1465053252452346
2026092032,16,1.085957117558821
2026092032,17,-0.6141086096323759
2026092032,18,0.70775551907980794
2026092032,19,0.82923337273388997
2026092032,20,-0.64174716522004094
2026092033,1,-0.34309632397361139
2026092033,2,1.8565890791287991
2026092033,3,0.019079865634116015
2026092033,4,-0.52097906807815042
2026092033,5,0.70440179558535909
2026092033,6,1.7927763545404292
2026092033,7,0.97563795578304646
2026092033,8,-0.23135155595585014
2026092033,9,-0.62662971385929767
2026092033,10,-0.15542262459546544
2026092033,11,-1.444020329731325
2026092033,12,-1.7268293292904942
2026092033,13,-1.1613392106844809
2026092033,14,-0.45134354530920218
2026092033,15,0.87075795479427354
2026092033,16,0.5584491331849859
2026092033,17,0.90410587599352987
2026092033,18,-0.29848747324228886
2026092033,19,0.33185124089432927
2026092033,20,0.33718999377719755
2026092034,1,-0.22279811778648062
2026092034,2,1.4585105521494408
2026092034,3,-0.55048701594627614
2026092034,4,-1.4222874183320777
2026092034,5,-2.0317744246595146
2026092034,6,-0.19620852457702262
2026092034,7,1.8811803460944354
2026092034,8,0.18270552073641336
2026092034,9,0.42551117868451155
2026092034,10,0.19237197339618911
2026092034,11,0.14175842806084077
2026092034,12,-0.69840258418735646
2026092034,13,-0.38275429311294873
2026092034,14,1.6195616452110726
2026092034,15,0.6913150958865969
2026092034,16,-0.07076627564654607
2026092034,17,-1.475477892658773
2026092034,18,-0.41164821088449732
2026092034,19,0.05503242527642483
2026092034,20,-0.30048257255579935
2026092035,1,0.59642497583225129
2026092035,2,-2.0389052032575719
2026092035,3,2.4792257287063717
2026092035,4,-0.63884849582916081
2026092035,5,-0.20015110807916839
2026092035,6,-1.0048000887211288
2026092035,7,1.3513867122681014
2026092035,8,-1.0031861695735689
2026092035,9,1.0264311116103173
2026092035,10,1.2171972829380866
2026092035,11,-2.3345253128470627
2026092035,12,0.64162329369319437
2026092035,13,-0.93310920126399743
2026092035,14,-1.3680296136842787
2026092035,15,2.0286513631676155
2026092035,16,0.11907430163194752
2026092035,17,-1.5092866207586115
2026092035,18,-1.3619115324345645
2026092035,19,-0.9771500691913465
2026092035,20,0.92044333610479112
2026092036,1,0.23946395474187943
2026092036,2,1.0818383271667324
2026092036,3,-0.09083304973009565
2026092036,4,0.12795423904662281
2026092036,5,-0.54355277389692369
2026092036,6,-0.14114050248368293
2026092036,7,0.8223658317514464
2026092036,8,0.83126304699393727
2026092036,9,1.7150991686256665
2026092036,10,1.1140388753946826
2026092036,11,0.73845519258832049
2026092036,12,1.7887479511759519
2026092036,13,-0.82777223440923353
2026092036,14,0.15601838675280968
2026092036,15,0.94880600970211859
2026092036,16,-0.62686507522781398
2026092036,17,-1.2514341823108075
2026092036,18,-0.65650607383300641
2026092036,19,-0.07635619896490585
2026092036,20,-1.6944125549669773
2026092037,1,0.88519264615644755
2026092037,2,0.51882760228223557
2026092037,3,0.77223769882775084
2026092037,4,-0.83471027080036009
2026092037,5,-0.95973517135899766
2026092037,6,1.4478850419481852
2026092037,7,0.48373697292033541
2026092037,8,1.6265034871294639
2026092037,9,-0.65092048491891863
2026092037,10,-1.3292603074751022
2026092037,11,0.56114189348644916
2026092037,12,0.91238110490035385
2026092037,13,-0.47988803067502417
2026092037,14,-2.5903346077196954
2026092037,15,-0.55596571510627246
2026092037,16,-0.038088238229183086
2026092037,17,-0.081133296844864228
2026092037,18,0.39531466067419863
2026092037,19,1.6115834111211993
2026092037,20,-1.1984542096961335
2026092038,1,-0.94968481570261076
2026092038,2,0.80531900575232973
2026092038,3,-0.6428331375245333
2026092038,4,0.98235170426555196
2026092038,5,-0.68358240932280656
2026092038,6,0.5384976821490568
2026092038,7,0.54869530117184573
2026092038,8,-1.3957212558094594
2026092038,9,0.99458953888803037
2026092038,10,1.4366643825133316
2026092038,11,0.88637371616056937
2026092038,12,1.5670615075862662
2026092038,13,1.1631679176648706
2026092038,14,1.6004101512102697
2026092038,15,-0.070169847064809207
2026092038,16,-1.0890095633469776
2026092038,17,0.71761551943565893
2026092038,18,-0.95751045956173775
2026092038,19,-1.4351765127291116
2026092038,20,0.4928041770945204
2026092039,1,0.23225966401602138
2026092039,2,1.3719469732165592
2026092039,3,2.3696124905914453
2026092039,4,-0.079979151647876279
2026092039,5,0.013712963272115811
2026092039,6,-0.27395823934393676
2026092039,7,1.1795966196349201
2026092039,8,-0.95501415400117229
2026092039,9,-0.73197136733907497
2026092039,10,0.47540240309985216
2026092039,11,1.948617736504445
2026092039,12,0.98105285095561834
2026092039,13,-2.2572882582029736
2026092039,14,-1.0749124900462128
2026092039,15,0.70950769758884091
2026092039,16,0.81815629456573224
2026092039,17,-0.32704422137105965
2026092039,18,-0.25999194886774796
2026092039,19,0.93013640721311697
2026092039,20,1.673946631818181
2026092040,1,2.0840608180455669
2026092040,2,0.66584610260624388
2026092040,3,-0.48269896048494909
2026092040,4,-2.5919719134777428
2026092040,5,-4.6791171308175965
2026092040,6,-0.80897509176107507
2026092040,7,0.24503476737875232
2026092040,8,2.0407874705614062
2026092040,9,-1.4204735711385941
2026092040,10,0.67710525912432784
2026092040,11,-1.3740581717998437
2026092040,12,-0.24255444632249501
2026092040,13,-1.147325581709066
2026092040,14,1.3819684017969462
2026092040,15,-0.041715272765475743
2026092040,16,0.47598350150002816
2026092040,17,-0.73564472298031858
2026092040,18,0.91244784749958363
2026092040,19,1.3516123149517758
2026092040,20,0.12495298677121493
2026092041,1,0.63033374930217556
2026092041,2,-0.31453129971392851
2026092041,3,0.45583434664259515
2026092041,4,-0.054940080908650539
2026092041,5,0.4663755465120244
2026092041,6,-1.4182364414434512
2026092041,7,0.65212435622881681
2026092041,8,0.4152766738014767
2026092041,9,0.17251747260994396
2026092041,10,-0.05503850519781376
2026092041,11,-1.04624165669381
2026092041,12,-0.87789133850061551
2026092041,13,0.77043054622416862
2026092041,14,-1.4658806856318007
2026092041,15,0.080769854625065987
2026092041,16,-0.16038374014866622
2026092041,17,-0.70398241155361274
2026092041,18,1.058473470429367
2026092041,19,0.034018659490057557
2026092041,20,0.87732368599274146
2026092042,1,-0.41160326006604647
2026092042,2,-1.2015434607882054
2026092042,3,-0.31997800288435285
2026092042,4,1.3475676564757837
2026092042,5,-0.038966564001531277
2026092042,6,0.66747632225337683
2026092042,7,1.0051080231572715
2026092042,8,0.29066951034463295
2026092042,9,-0.067181220535885475
2026092042,10,1.4725585040135072
2026092042,11,-0.89181100527495383
2026092042,12,1.4069522004756221
2026092042,13,-0.45876603994620052
2026092042,14,0.44942393016988097
2026092042,15,0.33066337975426985
2026092042,16,1.8497954977307898
2026092042,17,-0.44577153567940941
2026092042,18,1.0745082717532377
2026092042,19,-0.25179091525361891
2026092042,20,1.2099018399506636
2026092043,1,-1.656481569279157
2026092043,2,0.49104777689421841
2026092043,3,0.21889134124217749
2026092043,4,-1.1393604427642234
2026092043,5,-0.4810222976981483
2026092043,6,-1.0182476824073767
2026092043,7,0.0071307833944389293
2026092043,8,-1.3771385663858999
2026092043,9,0.22781412357853792
2026092043,10,-0.60095262828022467
2026092043,11,2.2657594607587486
2026092043,12,1.8422776131196474
2026092043,13,1.0642371714884469
2026092043,14,-1.3743775630156221
2026092043,15,-1.3576739299559746
2026092043,16,-0.90596134366340053
2026092043,17,-0.20925764472141992
2026092043,18,0.17919802878341995
2026092043,19,-0.7939437302490534
2026092043,20,0.17544899293156904
2026092044,1,-0.66356336625733914
2026092044,2,0.11038942221460384
2026092044,3,-1.2474555330471284
2026092044,4,-1.4248079207734299
2026092044,5,0.19591549266792097
2026092044,6,-1.4234059356200484
2026092044,7,-0.29894517466102605
2026092044,8,-1.3223197553838992
2026092044,9,0.5184222077865237
2026092044,10,-0.17256259377516156
2026092044,11,-0.17663436700447396
2026092044,12,-0.69610646320510294
2026092044,13,0.13557667956783112
2026092044,14,-2.0800172975184759
2026092044,15,-0.23486854846871516
2026092044,16,-0.72250070036597691
2026092044,17,-1.2629739344414905
2026092044,18,0.096163305673528057
2026092044,19,1.4704135360113677
2026092044,20,-0.066642711267015181
2026092045,1,-0.10028782130547827
2026092045,2,0.24944771531206678
2026092045,3,-0.60350565368917275
2026092045,4,-1.0447451615661172
2026092045,5,0.082730392522067292
2026092045,6,1.5953647381254104
2026092045,7,0.24109146961174863
2026092045,8,-0.27134196677337519
2026092045,9,0.069337946172091186
2026092045,10,-0.6300306100955213
2026092045,11,-1.270340542370971
2026092045,12,0.043194914624379743
2026092045,13,-0.73389040964347174
2026092045,14,-1.3019119006046587
2026092045,15,0.41826484733459951
2026092045,16,1.4555386457670105
2026092045,17,-0.0021192818631115603
2026092045,18,-1.1536140253543854
2026092045,19,-0.26003460987884852
2026092045,20,0.0061286615037602103
2026092046,1,1.7393063205623349
2026092046,2,-0.76139617308947416
2026092046,3,-0.63382093308860732
2026092046,4,0.62489830399008672
2026092046,5,-1.1646246410268299
2026092046,6,-1.4264524063069941
2026092046,7,0.21303566686499192
2026092046,8,-0.14247608541300397
2026092046,9,-1.4122199723628461
2026092046,10,1.2609402023231402
2026092046,11,0.38483097239051428
2026092046,12,-0.084777140199155929
2026092046,13,0.074841571130939144
2026092046,14,-0.080450734905563023
2026092046,15,-0.029039316509455525
2026092046,16,1.2464458790298523
2026092046,17,-0.30368733867884162
2026092046,18,-0.91012294399542426
2026092046,19,0.76031844485206324
2026092046,20,0.63720915133119493
2026092047,1,1.4124889635160414
2026092047,2,-1.1011238282270288
2026092047,3,-0.055267746671289322
2026092047,4,0.50527556536176754
2026092047,5,-1.1844682898952101
2026092047,6,-0.3587782091654802
2026092047,7,1.281283271965624
2026092047,8,1.083241887597016
2026092047,9,-1.4755202810835137
2026092047,10,0.14632164677332693
2026092047,11,0.018591761581435797
2026092047,12,-0.095008948151532741
2026092047,13,0.7104411189227704
2026092047,14,-0.51226830539281265
2026092047,15,-1.4308172264616379
2026092047,16,0.11111884586673369
2026092047,17,1.7182535850548044
2026092047,18,-1.5825373139273404
2026092047,19,0.75057843911839961
2026092047,20,0.072572637551586203
2026092048,1,0.24484960290744945
2026092048,2,-1.0941869434997546
2026092048,3,-1.4385887272231663
2026092048,4,-0.80548544007437806
2026092048,5,0.2885743276354017
2026092048,6,-1.4140738331479921
2026092048,7,-1.1683858323086052
2026092048,8,1.2609658214907151
2026092048,9,-0.010490672603738236
2026092048,10,-0.19851993370766935
2026092048,11,-0.44741450808426442
2026092048,12,-0.98694558418568135
2026092048,13,-0.80563978474133147
2026092048,14,1.9917588712714163
2026092048,15,-0.046351687051100821
2026092048,16,-0.87173504847046812
2026092048,17,0.070137835586290428
2026092048,18,-0.34742913600345127
2026092048,19,2.1828560095706742
2026092048,20,0.33521267448721193
2026092049,1,0.24059904771734386
2026092049,2,-0.37022040642405907
2026092049,3,-0.54016035535369233
2026092049,4,-1.3080732894187181
2026092049,5,-0.99699216075868913
2026092049,6,1.024698471138386
2026092049,7,-0.34347325083423974
2026092049,8,0.56358156172521878
2026092049,9,-0.18808931385925445
2026092049,10,-1.0147360042472016
2026092049,11,2.1096760789768845
2026092049,12,-1.7763839518493876
2026092049,13,-0.21055214501870684
2026092049,14,-1.1940718557464491
2026092049,15,0.94309647591851498
2026092049,16,1.5066649629810465
2026092049,17,-0.39490719309162586
2026092049,18,-0.47283455425115251
2026092049,19,-1.069627295772513
2026092049,20,0.38088176874482649
2026092050,1,1.2517870185606481
2026092050,2,1.5055732424481978
2026092050,3,1.0217453054781294
2026092050,4,-0.045148149492482484
2026092050,5,1.2560674809682306
2026092050,6,-0.23465588398816978
2026092050,7,-0.66106496220118738
2026092050,8,1.3522317124865089
2026092050,9,-1.8923166348429608
2026092050,10,-0.50569513717485981
2026092050,11,-1.5444975100043181
2026092050,12,-0.45685153889734598
2026092050,13,0.36244296549808358
2026092050,14,1.0488308475926122
2026092050,15,-0.88673550215515029
2026092050,16,1.1585826677474265
2026092050,17,0.37709993359788391
2026092050,18,-0.13911376456272193
2026092050,19,-0.24709397371925115
2026092050,20,-0.84038944894172518
2026092051,1,-0.10684530630862357
2026092051,2,1.2983419288425844
2026092051,3,-1.1581356547274693
2026092051,4,-0.007842538527932947
2026092051,5,0.077215065012663398
2026092051,6,-0.0059533692558206433
2026092051,7,-0.086586430717511043
2026092051,8,1.9056804075950242
2026092051,9,1.4821658836301492
2026092051,10,-0.58330823039657087
2026092051,11,-0.15405779239631176
2026092051,12,-0.25366871526691076
2026092051,13,0.37069674851621198
2026092051,14,-0.95214970274133548
2026092051,15,-0.44084657703069197
2026092051,16,-0.59501392838421141
2026092051,17,0.91803475292200376
2026092051,18,-0.40743140366612024
2026092051,19,-0.74347175031620671
2026092051,20,-1.9464453470235548
2026092052,1,0.079150507980353571
2026092052,2,0.66339670590185595
2026092052,3,0.89146633767501193
2026092052,4,-0.74686503398959059
2026092052,5,1.2311840762253419
2026092052,6,-0.67398420488994282
2026092052,7,0.92349600714483226
2026092052,8,1.0635616147849147
2026092052,9,-0.33707652005261818
2026092052,10,-0.037454688673503718
2026092052,11,-1.8282121196757626
2026092052,12,-0.34915966873427828
2026092052,13,1.4957958940282861
2026092052,14,1.0171387886887944
2026092052,15,0.88525445166191341
2026092052,16,-2.4716455757614728
2026092052,17,-0.065572130680107518
2026092052,18,1.4293266283184305
2026092052,19,-0.067462803266033419
2026092052,20,-0.053674299524038335
2026092053,1,-0.06082915661532326
2026092053,2,0.78434981928116754
2026092053,3,0.28830206682438453
2026092053,4,0.84427767276562515
2026092053,5,0.28324302998400752
2026092053,6,0.081071417278241728
2026092053,7,-1.3815842625735044
2026092053,8,-0.23239917405816304
2026092053,9,0.09404926449898432
2026092053,10,-1.7551391814399482
2026092053,11,2.4060665783975876
2026092053,12,-1.1561321959755886
2026092053,13,-0.64932226429130324
2026092053,14,2.4631674963889343
2026092053,15,-0.52196529168122197
2026092053,16,-0.30579958039816313
2026092053,17,-1.328264344072881
2026092053,18,0.0091817491131564333
2026092053,19,0.67481682953149047
2026092053,20,0.4138091063754738
2026092054,1,-0.20043362062880662
2026092054,2,0.83181181043758812
2026092054,3,0.51729413388597068
2026092054,4,-2.1298455323205534
2026092054,5,-1.218365958789865
2026092054,6,-1.1020849961511419
2026092054,7,0.5685176412409505
2026092054,8,1.0889215062146478
2026092054,9,-0.67780455540038775
2026092054,10,0.28840640245004351
2026092054,11,-0.53766420633315437
2026092054,12,0.75778203536381161
2026092054,13,-1.6963934276001691
2026092054,14,0.1007832923753678
2026092054,15,0.38073379267008539
2026092054,16,-1.1820312586578994
2026092054,17,0.84012715583726172
2026092054,18,0.79978625453360641
2026092054,19,0.30129288284594063
2026092054,20,0.82054524660260275
2026092055,1,1.8734715875928392
2026092055,2,-0.85821145916570463
2026092055,3,2.0942789741104453
2026092055,4,0.86818746020312731
2026092055,5,0.69267785128280446
2026092055,6,0.013189608499318946
2026092055,7,0.88224565771934893
2026092055,8,0.4792801366492131
2026092055,9,-0.74267777623163833
2026092055,10,-0.17767650364642143
2026092055,11,-0.8993719022644151
2026092055,12,1.2213043316009162
2026092055,13,0.67924130763469637
2026092055,14,-1.6410205277145209
2026092055,15,-2.5357829034681894
2026092055,16,2.0594605828424029
2026092055,17,-0.41654097308622967
2026092055,18,-1.0797729850449258
2026092055,19,1.0042612522980081
2026092055,20,-0.19438332920886681
2026092056,1,-0.58637980023193659
2026092056,2,1.274693899967825
2026092056,3,0.33564606182639034
2026092056,4,0.23194478259269347
2026092056,5,0.75152399194233599
2026092056,6,0.21603981259362004
2026092056,7,0.50041247069949579
2026092056,8,-0.049205505438069334
2026092056,9,-0.75394905578908067
2026092056,10,-0.50730870392322958
2026092056,11,-0.068659312779234052
2026092056,12,1.5550904679720283
2026092056,13,-1.5770552688798034
2026092056,14,0.89702741902036265
2026092056,15,-0.14136167380622813
2026092056,16,-0.057374891388588027
2026092056,17,1.182619345846238
2026092056,18,0.64763332550166575
2026092056,19,-0.84426626334441723
2026092056,20,0.52296705617158823
2026092057,1,-0.66852484056510342
2026092057,2,-0.066179712348565733
2026092057,3,0.70854310359552186
2026092057,4,-1.5706953454247996
2026092057,5,0.42356194322103657
2026092057,6,-0.75506381917235998
2026092057,7,1.766237506521978
2026092057,8,-1.6979762129079512
2026092057,9,-0.1706280836103431
2026092057,10,1.9859389350030245
2026092057,11,-1.3198022829138476
2026092057,12,-1.1937351081572196
2026092057,13,-0.43000456845279089
2026092057,14,-2.0782746367132914
2026092057,15,0.1857438621782487
2026092057,16,0.71949163436803165
2026092057,17,-0.057164026038731643
2026092057,18,0.60764453670882679
2026092057,19,-0.78388343308631236
2026092057,20,-0.78433836051590833
2026092058,1,-1.1271139359493236
2026092058,2,-1.4873323827377614
2026092058,3,-0.47123787947577633
2026092058,4,0.295388193403056
2026092058,5,0.53936690103639684
2026092058,6,0.99390735342065561
2026092058,7,0.95238906842530024
2026092058,8,-0.49555364208339558
2026092058,9,-0.16572383035325311
2026092058,10,-0.62836738064877917
2026092058,11,-1.8021166971524591
2026092058,12,0.37550832894145375
2026092058,13,1.1187894267155496
2026092058,14,-0.94887854026969121
2026092058,15,-1.9136696221698828
2026092058,16,-0.71333146641797873
2026092058,17,-1.0195524301294898
2026092058,18,-0.57107034296652659
2026092058,19,2.1242693163805808
2026092058,20,-0.54954774682512531
2026092059,1,0.67493468816472457
2026092059,2,-0.91820341442692111
2026092059,3,1.7997260647243332
2026092059,4,-2.7213809073389652
2026092059,5,0.057932284763394286
2026092059,6,-0.79207638856602181
2026092059,7,0.79538359027912164
2026092059,8,-0.77997604064816883
2026092059,9,-1.9369856715587177
2026092059,10,-1.2595802377828111
2026092059,11,-1.3988387552681452
2026092059,12,-1.6800247137168907
2026092059,13,3.8079379869197481
2026092059,14,-1.2960460910813403
2026092059,15,0.10157578941718251
2026092059,16,0.87753552550557523
2026092059,17,0.72504696741761321
2026092059,18,0.56422203664808179
2026092059,19,0.39926508989284504
2026092059,20,0.82613644590590396
2026092060,1,-0.069280519381179476
2026092060,2,0.92153108575498355
2026092060,3,1.5238735293324606
2026092060,4,0.36484033227228091
2026092060,5,-0.85655485595800274
2026092060,6,0.2892628384184916
2026092060,7,0.5343034294391189
2026092060,8,-0.60840337560736868
2026092060,9,1.822595497364415
2026092060,10,0.29185123351071618
2026092060,11,0.056120945529224121
2026092060,12,0.58828441177822577
2026092060,13,1.5983138123426985
2026092060,14,-0.41130979367223935
2026092060,15,0.58302595192697038
2026092060,16,0.40505974050718685
2026092060,17,-0.053994037869087158
2026092060,18,-0.21576573500631535
2026092060,19,-0.64318064107126927
2026092060,20,-0.47993608719708453
2026092061,1,1.0944417910791082
2026092061,2,0.41720345785117213
2026092061,3,0.9850871943319105
2026092061,4,-0.15332803315271518
2026092061,5,0.96029902226628105
2026092061,6,-0.632232638626673
2026092061,7,0.36526549163697514
2026092061,8,0.88020288732669894
2026092061,9,-0.33164238257905299
2026092061,10,0.33609330118989456
2026092061,11,-0.087743709519649049
2026092061,12,1.2373591578535816
2026092061,13,-1.5390502925630165
2026092061,14,-1.2903116459810899
2026092061,15,-0.051148251659286707
2026092061,16,-0.98449990634823592
2026092061,17,0.7325025734345233
2026092061,18,-1.7517782486483024
2026092061,19,-0.59578168869236048
2026092061,20,0.65970766937582859
2026092062,1,0.017221589855840179
2026092062,2,0.15584036996706099
2026092062,3,0.4759190357179402
2026092062,4,0.024747560584395898
2026092062,5,-0.98670243816262504
2026092062,6,-0.658562892736404
2026092062,7,-0.95242422727306864
2026092062,8,-0.76179382039256172
2026092062,9,2.2398353251271064
2026092062,10,-1.8113798447940905
2026092062,11,-0.6407620104932733
2026092062,12,-0.39896092804263378
2026092062,13,0.63244808866667945
2026092062,14,-0.275540979064889
2026092062,15,-0.40869908296284885
2026092062,16,1.3936874164679183
2026092062,17,0.0384927950206383
2026092062,18,3.0091021746484041
2026092062,19,0.22403159950481566
2026092062,20,0.75599006529861457
2026092063,1,0.10556910810281719
2026092063,2,-0.82182845885818601
2026092063,3,-1.4832476236022949
2026092063,4,-0.9251716950448502
2026092063,5,-0.41322929011033871
2026092063,6,-0.11853863406216028
2026092063,7,0.27106052192450025
2026092063,8,-0.85906562736266245
2026092063,9,0.078383849450399876
2026092063,10,0.86402454547683583
2026092063,11,0.80287798525442478
2026092063,12,-0.4770726497501484
2026092063,13,0.43280588704051642
2026092063,14,-1.5569111239753013
2026092063,15,-1.2007835780617866
2026092063,16,-0.23153258181425149
2026092063,17,-0.088735783333518267
2026092063,18,-0.93571693505609632
2026092063,19,-0.62719821666265863
2026092063,20,-1.2451283572717802
2026092064,1,0.061895392701312765
2026092064,2,1.4602634087455078
2026092064,3,1.0824153700809185
2026092064,4,-0.36761800081456997
2026092064,5,0.78005934124598408
2026092064,6,0.56539647448252628
2026092064,7,0.54029416582761547
2026092064,8,0.15922680108166332
2026092064,9,0.51444513833442229
2026092064,10,0.29645168522145038
2026092064,11,0.53845405067330132
2026092064,12,0.94947185283015401
2026092064,13,1.574746980846579
2026092064,14,-0.59018100787145289
2026092064,15,0.43741677366581944
2026092064,16,-0.91490827076489689
2026092064,17,-0.26818724120422827
2026092064,18,0.31794151059523479
2026092064,19,-0.9805401847830556
2026092064,20,0.6473612588028177
2026092065,1,-1.6136042475205803
2026092065,2,-1.2952918442012193
2026092065,3,1.2675699488353791
2026092065,4,0.5463129830399942
2026092065,5,-0.46673986980535098
2026092065,6,-0.36782819237942099
2026092065,7,1.2018402921521802
2026092065,8,0.92496134851119483
2026092065,9,0.40158461835142956
2026092065,10,2.7638451367571411
2026092065,11,-1.203219603283606
2026092065,12,-0.46096369434662476
2026092065,13,-0.44678076859906513
2026092065,14,0.10067279583664132
2026092065,15,-0.031438326351937537
2026092065,16,2.7147225564662958
2026092065,17,-0.26924848745329949
2026092065,18,0.14064147612919389
2026092065,19,0.19565209095871552
2026092065,20,0.11388475356365133
2026092066,1,0.66744359309462109
2026092066,2,-0.29127294856859359
2026092066,3,-0.61222221934267584
2026092066,4,0.89807951249884688
2026092066,5,0.81007343638337059
2026092066,6,-0.52470882373791161
2026092066,7,-0.51048886891706469
2026092066,8,0.46776830899166855
2026092066,9,0.30072476238001783
2026092066,10,1.2573607444860775
2026092066,11,1.2443654528767767
2026092066,12,-1.2565382683053226
2026092066,13,0.63867096664722567
2026092066,14,-1.3308543766567233
2026092066,15,1.1160299157790396
2026092066,16,0.50188929888306599
2026092066,17,1.0142480972938905
2026092066,18,-1.3734145546282701
2026092066,19,-2.8858548111649491
2026092066,20,-0.60442158938257151
2026092067,1,-0.56169829746478639
2026092067,2,-0.48320480412271333
2026092067,3,1.0703655367490994
2026092067,4,0.30840034946597483
2026092067,5,0.66989693166934672
2026092067,6,1.2074283311577594
2026092067,7,-0.078025083171776949
2026092067,8,-0.88205277864938947
2026092067,9,-0.85450081351864826
2026092067,10,-0.17866241535449953
2026092067,11,-0.77125160257966308
2026092067,12,1.3005287872512195
2026092067,13,1.4308133205508493
2026092067,14,0.39134631447446833
2026092067,15,0.65158155844654519
2026092067,16,-0.2323219542976635
2026092067,17,0.16722986807902421
2026092067,18,0.06452638796216012
2026092067,19,0.44619848689629643
2026092067,20,-0.91308263433515935
2026092068,1,-1.1360997534642447
2026092068,2,-1.1190338449080393
2026092068,3,-0.039234947794440762
2026092068,4,0.48386382064210626
2026092068,5,0.95046988562495416
2026092068,6,0.37088807021184189
2026092068,7,-0.80900973988927782
2026092068,8,0.20130716449541664
2026092068,9,-1.2132533601317801
2026092068,10,-0.44876732886506621
2026092068,11,0.49269801730971963
2026092068,12,-1.2833217933766032
2026092068,13,-0.0063133700610684684
2026092068,14,-1.6980033896136588
2026092068,15,0.69054586434793519
2026092068,16,-1.2440382946416513
2026092068,17,1.041673492909384
2026092068,18,-0.87617991071306289
2026092068,19,0.77250963415107565
2026092068,20,1.057152935264926
2026092069,1,-0.81943885989579701
2026092069,2,0.83320731108700763
2026092069,3,0.42042842490616067
2026092069,4,-1.5900484074175185
2026092069,5,0.47631869145472533
2026092069,6,-0.062980651700562107
2026092069,7,1.7204523815729149
2026092069,8,0.76248225196982811
2026092069,9,0.57670020707367609
2026092069,10,-0.78375738180072474
2026092069,11,0.27884962969602922
2026092069,12,0.78251600807082433
2026092069,13,-0.28354801949120068
2026092069,14,0.38952419421607104
2026092069,15,1.6038326274969326
2026092069,16,-0.12322271163258679
2026092069,17,0.4787913481046287
2026092069,18,-0.38417589982335532
2026092069,19,-0.99679584056247938
2026092069,20,-0.38539761464566907
2026092070,1,0.012892133536727439
2026092070,2,-0.33625427808394548
2026092070,3,3.1459065053876234
2026092070,4,-2.4504329030699958
2026092070,5,-0.50968788670848131
2026092070,6,-0.30899711268942481
2026092070,7,1.8105548969326672
2026092070,8,0.8181274137022857
2026092070,9,1.1004981434261354
2026092070,10,0.54619855507258208
2026092070,11,-1.1553014466258926
2026092070,12,0.45209472714146842
2026092070,13,-0.60341920125286386
2026092070,14,-0.57508836071137959
2026092070,15,0.7155401161667152
2026092070,16,1.4709785238482662
2026092070,17,-0.64349360657911359
2026092070,18,-0.23050788942099903
2026092070,19,-0.3113763999440981
2026092070,20,-0.8346686874321807
2026092071,1,-1.036696927389495
2026092071,2,-0.44046781718139161
2026092071,3,-1.0735773220047262
2026092071,4,0.49612474501236731
2026092071,5,0.57803402389972447
2026092071,6,0.16329680554781101
2026092071,7,-0.33736317599993476
2026092071,8,0.048089558922061425
2026092071,9,-0.63516477105122993
2026092071,10,-0.16302487354414377
2026092071,11,0.70885037472461898
2026092071,12,-0.29370245176630433
2026092071,13,1.7759475401136597
2026092071,14,-0.34076264963070235
2026092071,15,-0.49952681577190405
2026092071,16,0.32818347002660381
2026092071,17,-0.70727880159600631
2026092071,18,0.24439187597136633
2026092071,19,0.74590846786552512
2026092071,20,-0.22519726071516566
2026092072,1,-1.0983091170479473
2026092072,2,0.20423220415510837
2026092072,3,-1.3407825478544908
2026092072,4,0.52838299974788427
2026092072,5,0.1601348973320601
2026092072,6,0.30447195914809699
2026092072,7,-0.38105163880486365
2026092072,8,0.4905257283981817
2026092072,9,-1.4434479653720449
2026092072,10,-0.96178628426258561
2026092072,11,-2.3400958023464407
2026092072,12,0.17276323496362841
2026092072,13,-0.78828013938292274
2026092072,14,0.87119334161003092
2026092072,15,-1.4411248528931038
2026092072,16,0.070075491415415192
2026092072,17,0.39311416081008138
2026092072,18,-0.15923186475604001
2026092072,19,0.7316455280058447
2026092072,20,0.94605730136715016
2026092073,1,0.57383148248082205
2026092073,2,-0.082764894891961663
2026092073,3,-1.769473101517157
2026092073,4,2.0776487437589877
2026092073,5,0.51538997412789178
2026092073,6,-0.8283499762740989
2026092073,7,1.1104507022861774
2026092073,8,-1.3713124064705207
2026092073,9,1.1580785593388452
2026092073,10,0.92193852209514238
2026092073,11,-0.058860083892379976
2026092073,12,0.11963410020095674
2026092073,13,-0.48296577970767512
2026092073,14,-0.92066453474299614
2026092073,15,1.0371352984453677
2026092073,16,0.575637047871421
2026092073,17,0.57919915612392303
2026092073,18,0.40076718665359079
2026092073,19,-0.45867499380050714
2026092073,20,0.68615240109481801
2026092074,1,0.077729750390639979
2026092074,2,-2.3798832650701702
2026092074,3,-0.02387595455042018
2026092074,4,1.2350206110100521
2026092074,5,0.53652588142305824
2026092074,6,-1.5368265878304592
2026092074,7,-0.1276083446656168
2026092074,8,0.43057547137577079
2026092074,9,-1.4679487509459279
2026092074,10,0.33750894000143383
2026092074,11,1.7254776872347708
2026092074,12,0.33823052447485269
2026092074,13,-1.1422714418241735
2026092074,14,-1.5793788317967714
2026092074,15,-0.22793874012346887
2026092074,16,-0.68903037086468499
2026092074,17,-0.27548655181033488
2026092074,18,-0.52123803405543312
2026092074,19,0.11909413404841684
2026092074,20,0.63811226140473731
2026092075,1,-0.94181270698541542
2026092075,2,1.665111398573474
2026092075,3,0.49211109050410229
2026092075,4,-1.2365335216404347
2026092075,5,0.11703063369863888
2026092075,6,0.34363435806911713
2026092075,7,-0.48006000074911326
2026092075,8,-0.61330578802933944
2026092075,9,-0.3246398074363599
2026092075,10,-0.099985494051682847
2026092075,11,0.68405538591151149
2026092075,12,-0.29340540245475694
2026092075,13,-0.21973878264046398
2026092075,14,-0.19940464351143058
2026092075,15,-0.52267630785873498
2026092075,16,-0.94112119048807708
2026092075,17,1.2794045343071785
2026092075,18,-1.4293084554854898
2026092075,19,-1.5073188091593279
2026092075,20,-0.28686818280296567
2026092076,1,-1.125690034483354
2026092076,2,1.3883514500682526
2026092076,3,-1.341403574597996
2026092076,4,-0.2643242695656739
2026092076,5,0.58670602595869215
2026092076,6,0.5681748508434471
2026092076,7,-0.4404530059861218
2026092076,8,-0.19465817850846184
2026092076,9,-1.1007678925257669
2026092076,10,0.69765455082057548
2026092076,11,0.36765050530686078
2026092076,12,1.814978767312059
2026092076,13,-0.069118200602558133
2026092076,14,1.8397864353239539
2026092076,15,-1.3441875352703123
2026092076,16,-0.82252812160261379
2026092076,17,0.11944761087106052
2026092076,18,1.3279772818065163
2026092076,19,-1.4459435335296926
2026092076,20,1.5724619149451906
2026092077,1,-0.80039446772660372
2026092077,2,0.1065298881930509
2026092077,3,-2.1018840880059102
2026092077,4,-2.0052285395278275
2026092077,5,0.6001746562804231
2026092077,6,0.65555501827910634
2026092077,7,0.3605234471874012
2026092077,8,-1.3154692425942902
2026092077,9,0.8296204456973425
2026092077,10,-1.0744456217343881
2026092077,11,-1.278651792441069
2026092077,12,0.31383292115001871
2026092077,13,0.28780645679625277
2026092077,14,1.4156560508874441
2026092077,15,0.32422726926643286
2026092077,16,0.52095473832985506
2026092077,17,-1.1781173329015955
2026092077,18,-0.42565298948585711
2026092077,19,-0.53939946497293112
2026092077,20,-0.14383496694513651
2026092078,1,1.5830597610309767
2026092078,2,1.7638835926144458
2026092078,3,-0.21931055956210205
2026092078,4,0.18768047145633401
2026092078,5,0.55618540032118147
2026092078,6,-0.32135674522066704
2026092078,7,1.6963755366211417
2026092078,8,-0.11928306263434246
2026092078,9,2.2669076246960524
2026092078,10,1.8271393981320669
2026092078,11,0.53279365992252115
2026092078,12,-1.24013135305942
2026092078,13,0.54441858285307454
2026092078,14,-0.86712026422193633
2026092078,15,-0.45400865121377898
2026092078,16,1.0818263848393896
2026092078,17,-0.73940286443327219
2026092078,18,0.68649153562691134
2026092078,19,-0.37335952107288639
2026092078,20,-2.0808713881831458
2026092079,1,0.17738087719875742
2026092079,2,-0.041524381682089641
2026092079,3,-0.25445401834223841
2026092079,4,1.3933402630436396
2026092079,5,0.79673342833243455
2026092079,6,0.20865068458688188
2026092079,7,0.19053213844459152
2026092079,8,1.3361043729198558
2026092079,9,1.956306256003381
2026092079,10,0.61496826244269043
2026092079,11,0.34997302204356179
2026092079,12,-0.93329291039796591
2026092079,13,-0.32518208540542659
2026092079,14,-0.30051484410546497
2026092079,15,0.48180989765553894
2026092079,16,0.12767172037743757
2026092079,17,-0.89098320493081706
2026092079,18,0.67584280508506889
2026092079,19,-1.4358250252638096
2026092079,20,-0.35181092826114707
2026092080,1,-0.43333978067685641
2026092080,2,0.18808630400299156
2026092080,3,1.9991237197421392
2026092080,4,-1.7352062391534204
2026092080,5,-1.3188245059428045
2026092080,6,-0.49858823589909373
2026092080,7,0.68441087218343488
2026092080,8,-1.3314939655814721
2026092080,9,-1.6987781069331958
2026092080,10,-0.97907518141179772
2026092080,11,-0.46011926551684956
2026092080,12,-0.76965522868739689
2026092080,13,1.5246425738927272
2026092080,14,-1.818338618798407
2026092080,15,-0.84273980107987911
2026092080,16,0.62789267472576349
2026092080,17,-1.737566419906881
2026092080,18,-1.5289557225628359
2026092080,19,0.14473299590462324
2026092080,20,-1.4584041057060533
2026092081,1,-0.1112216780040992
2026092081,2,1.238172150407771
2026092081,3,-1.4430533679136475
2026092081,4,-0.33352530967023059
2026092081,5,-1.7808002289743015
2026092081,6,-0.082247604598845891
2026092081,7,1.3253951055359412
2026092081,8,0.66777619826021062
2026092081,9,0.056380434822483692
2026092081,10,-2.3849467588558921
2026092081,11,-1.8343647887652883
2026092081,12,0.27249273995558432
2026092081,13,1.2322322990263324
2026092081,14,-1.5523305510440109
2026092081,15,-2.2527131325585175
2026092081,16,1.2561594862888286
2026092081,17,1.0307594720090221
2026092081,18,1.7058905429232718
2026092081,19,-0.63040298404791228
2026092081,20,0.71666478654253973
2026092082,1,-0.85323273195841753
2026092082,2,-1.6082517557804856
2026092082,3,-2.024907615960966
2026092082,4,-1.4129950074462816
2026092082,5,0.80605806950492009
2026092082,6,0.024966880385757086
2026092082,7,0.60592201714178229
2026092082,8,-0.23204066618427585
2026092082,9,-1.1328632123621882
2026092082,10,-2.2408104272334364
2026092082,11,1.641567292670959
2026092082,12,0.098769009343842362
2026092082,13,-0.012188969131490998
2026092082,14,1.9640606719287685
2026092082,15,-1.0747947026090874
2026092082,16,-0.64649846562802604
2026092082,17,1.3771194851086743
2026092082,18,1.0126496138179015
2026092082,19,-0.046743284938003643
2026092082,20,-1.8209903266950322
2026092083,1,0.088165773333121145
2026092083,2,0.31242695091286998
2026092083,3,1.1342764949166366
2026092083,4,0.84254507580668458
2026092083,5,1.6910518076441323
2026092083,6,2.0152586571198876
2026092083,7,-0.72721352488403679
2026092083,8,-1.012347847821176
2026092083,9,-0.30271113249262854
2026092083,10,-0.75726494118561227
2026092083,11,0.34991275407979433
2026092083,12,-0.50966716179057003
2026092083,13,0.5354931797650142
2026092083,14,1.6191138205381073
2026092083,15,1.25170021279926
2026092083,16,-0.5001056793660571
2026092083,17,-0.20388375662291613
2026092083,18,-1.2104630890034711
2026092083,19,1.3875054449188504
2026092083,20,0.85334052137547967
2026092084,1,-0.37913442369194217
2026092084,2,1.1710892281826195
2026092084,3,0.56338195849023021
2026092084,4,0.26031755946312973
2026092084,5,-0.76364306018799366
2026092084,6,1.8762565657336687
2026092084,7,-0.77783858412412066
2026092084,8,0.074316276556907035
2026092084,9,1.6815360871982179
2026092084,10,-0.077673166491329049
2026092084,11,0.15880499860786298
2026092084,12,-0.40303220089100705
2026092084,13,0.39645940314472961
2026092084,14,0.80431681405424382
2026092084,15,-0.21195414979732866
2026092084,16,-0.17436110812071579
2026092084,17,-0.20142398700332104
2026092084,18,0.934370986690094
2026092084,19,0.90180782838666917
2026092084,20,0.70914185748521574
2026092085,1,-0.35115656604472717
2026092085,2,0.35742412649353367
2026092085,3,-0.24631186470506994
2026092085,4,-2.2678384619881089
2026092085,5,0.33673375708574182
2026092085,6,0.31300507231937758
2026092085,7,-0.79412021027879021
2026092085,8,-0.23830916701088145
2026092085,9,0.036579492891310378
2026092085,10,0.14821090727483377
2026092085,11,0.71961163942966555
2026092085,12,-1.3151883239683835
2026092085,13,-1.1179346192379274
2026092085,14,1.2656787717785809
2026092085,15,-1.6137048361125783
2026092085,16,0.11515341777199577
2026092085,17,0.38226229272930173
2026092085,18,0.60021322135547717
2026092085,19,-1.1076530835607823
2026092085,20,-0.9195030295493577
2026092086,1,1.1898749952837369
2026092086,2,-0.66097834001557465
2026092086,3,0.51764397551819707
2026092086,4,-0.33565049231734351
2026092086,5,-0.25468120452336512
2026092086,6,1.0460852979566533
2026092086,7,-1.2209172717300005
2026092086,8,-1.0537359549349474
2026092086,9,-0.14917257015786561
2026092086,10,0.82517316763864734
2026092086,11,1.7631539910971106
2026092086,12,1.3500395066696522
2026092086,13,-0.19915262887889068
2026092086,14,-1.0608259881118003
2026092086,15,0.71454005530491915
2026092086,16,1.5995548118607623
2026092086,17,-0.33978939232950389
2026092086,18,1.4105275594058331
2026092086,19,-1.1049259599177013
2026092086,20,-1.0788331064675183
2026092087,1,-1.0770296416015672
2026092087,2,0.29391332855064956
2026092087,3,0.42378094908575198
2026092087,4,-0.1265010392391617
2026092087,5,1.0343225785501693
2026092087,6,-0.12981241573753827
2026092087,7,-0.88096329176093557
2026092087,8,-0.23736606495938062
2026092087,9,0.26243472135210077
2026092087,10,1.3644921748979641
2026092087,11,-0.54434475292012352
2026092087,12,1.4246679666078625
2026092087,13,-0.59234258834262188
2026092087,14,-1.0760585534856755
2026092087,15,0.59583250314392444
2026092087,16,1.5403597079968505
2026092087,17,-1.670649983226171
2026092087,18,-1.209651797028936
2026092087,19,-0.81269708204615632
2026092087,20,-0.55427268330752677
2026092088,1,1.9034740487245618
2026092088,2,-0.58387865023519969
2026092088,3,-0.38712238835355905
2026092088,4,-1.0165989209850321
2026092088,5,0.52355285664928353
2026092088,6,0.48384544046623629
2026092088,7,-0.0079027673552909683
2026092088,8,0.72734984546845438
2026092088,9,0.25049519240760354
2026092088,10,-0.60114121216567751
2026092088,11,1.0182172924424484
2026092088,12,0.038884691746315717
2026092088,13,-0.91253372029113922
2026092088,14,0.06956225878730446
2026092088,15,-0.17707711805577317
2026092088,16,0.15600626794239716
2026092088,17,1.5627783924360679
2026092088,18,-0.64882166738057456
2026092088,19,0.84443121214848116
2026092088,20,-1.6350464343024127
2026092089,1,-1.1050706874314971
2026092089,2,-0.21169119648871149
2026092089,3,-1.1287509602406476
2026092089,4,0.24806673191040082
2026092089,5,0.87371064730375281
2026092089,6,-0.47984710211917436
2026092089,7,0.10145570958416048
2026092089,8,-0.40613165684625824
2026092089,9,0.14515948861692898
2026092089,10,0.13286896245027485
2026092089,11,0.03939164643536882
2026092089,12,0.65873003495530291
2026092089,13,-0.46677249740797677
2026092089,14,0.81048200950485505
2026092089,15,-0.26638748931272105
2026092089,16,0.74593430404650984
2026092089,17,0.27524035369622113
2026092089,18,-0.14828618563214452
2026092089,19,-1.4117335908737791
2026092089,20,-1.7625694340380944
2026092090,1,0.29416054045987727
2026092090,2,1.2294102195434409
2026092090,3,0.67773362499483703
2026092090,4,0.32008102653849374
2026092090,5,-0.35601042398359778
2026092090,6,2.5512114661488767
2026092090,7,0.45375929401114667
2026092090,8,-1.4343230421958348
2026092090,9,-1.324057309798901
2026092090,10,0.86191793450125176
2026092090,11,-0.74050090607659536
2026092090,12,1.3966535974120879
2026092090,13,-0.11050725252305919
2026092090,14,0.37253998372101932
2026092090,15,-0.12082563900469964
2026092090,16,-0.21530628932515566
2026092090,17,0.94399861315003575
2026092090,18,-1.7365773849138528
2026092090,19,-0.83145093083474164
2026092090,20,-0.41534994342844789
2026092091,1,0.13964662466476468
2026092091,2,1.2319183392307052
2026092091,3,-0.44612659208950489
2026092091,4,-1.8615715957025956
2026092091,5,-0.1352363464418308
2026092091,6,-0.029395647796345091
2026092091,7,-1.3725373075688885
2026092091,8,0.32819865287323458
2026092091,9,-0.33580137247828484
2026092091,10,0.50728994769318714
2026092091,11,-0.022720369056285415
2026092091,12,-0.69763658815513307
2026092091,13,0.95900402169561083
2026092091,14,-0.12112933721076839
2026092091,15,-0.81979414150710739
2026092091,16,-0.48133642283984457
2026092091,17,-0.091893386658564738
2026092091,18,0.16516294752656768
2026092091,19,-0.38554224564162354
2026092091,20,0.91315319509795423
2026092092,1,0.6861777501670947
2026092092,2,2.9005361655528552
2026092092,3,0.64189205819033701
2026092092,4,-0.66899318322613754
2026092092,5,0.16736157190496673
2026092092,6,-1.4614419225554496
2026092092,7,-2.3552099688412098
2026092092,8,1.2909643723628921
2026092092,9,-0.42591926583051576
2026092092,10,-1.6666878139695089
2026092092,11,-0.50277245513383118
2026092092,12,0.33366949897080611
2026092092,13,-0.75511174011958582
2026092092,14,1.208371090596488
2026092092,15,0.36116152941857499
2026092092,16,0.91213965859679769
2026092092,17,1.540983515738672
2026092092,18,2.2930335284106391
2026092092,19,-0.86745797452914053
2026092092,20,1.2944558850136823
2026092093,1,1.5476287227498768
2026092093,2,0.53622149582309786
2026092093,3,-0.16747383355042608
2026092093,4,1.6409702947885627
2026092093,5,-0.85425396548547805
2026092093,6,0.98099544375574266
2026092093,7,0.67666310241225858
2026092093,8,0.50211480701639655
2026092093,9,0.11737568672341232
2026092093,10,0.32986593983538548
2026092093,11,0.47791100212671772
2026092093,12,-1.5465008419570552
2026092093,13,-0.59186929664271304
2026092093,14,1.4664189305907558
2026092093,15,-1.0512350599350044
2026092093,16,0.19701273647070749
2026092093,17,-0.39779541186513545
2026092093,18,0.29257732918011625
2026092093,19,1.0627528184391088
2026092093,20,-0.055282091769154849
2026092094,1,-0.42126032792486379
2026092094,2,1.6370136362098249
2026092094,3,0.20698646951785335
2026092094,4,-1.0218102553049557
2026092094,5,-0.016196888629440968
2026092094,6,0.49277580047446229
2026092094,7,-0.5702205315488077
2026092094,8,-2.1116232501242655
2026092094,9,0.18834589500164198
2026092094,10,-0.051859889767168869
2026092094,11,1.3380070861234763
2026092094,12,0.17026450458872044
2026092094,13,-0.52800042409742198
2026092094,14,-0.045166744219433452
2026092094,15,0.49894504781412419
2026092094,16,0.32523791221633885
2026092094,17,-0.52212862089460799
2026092094,18,-0.5309649730241347
2026092094,19,-1.0597369903877334
2026092094,20,0.2784541486796806
2026092095,1,0.41097952727940257
2026092095,2,1.5829624748901598
2026092095,3,-0.89034076638493764
2026092095,4,0.92017129179102619
2026092095,5,-0.53814067420453704
2026092095,6,-0.61195046874820247
2026092095,7,1.1024221236056411
2026092095,8,-0.83753089579603601
2026092095,9,-0.63066919838404167
2026092095,10,-1.6360680834070203
2026092095,11,-1.1353409430263133
2026092095,12,-0.69022998249750045
2026092095,13,0.42717262800461658
2026092095,14,-0.59931893978086337
2026092095,15,0.20870706565757416
2026092095,16,-0.59741700361257521
2026092095,17,-0.7439884053924346
2026092095,18,0.23285075671846622
2026092095,19,-0.090567534840162695
2026092095,20,-0.43981274319213348
2026092096,1,1.1725371387726458
2026092096,2,0.13903964360687948
2026092096,3,1.0648855988688155
2026092096,4,0.94687501389956252
2026092096,5,-0.78388558690694421
2026092096,6,0.14095412464086648
2026092096,7,-0.13350683883260331
2026092096,8,-0.26420499777608364
2026092096,9,-0.36410879392856182
2026092096,10,0.57636281483748386
2026092096,11,0.63030125000596027
2026092096,12,-0.50061271282258368
2026092096,13,0.63382804518097902
2026092096,14,0.24466979134968425
2026092096,15,1.0709692505225021
2026092096,16,-1.2041676407703523
2026092096,17,0.43451535027662325
2026092096,18,0.56996409517978008
2026092096,19,-0.25013868819605989
2026092096,20,-0.42571083254054054
2026092097,1,0.75492335902318686
2026092097,2,-0.13607683203185811
2026092097,3,0.5266088058789592
2026092097,4,1.7131085483359381
2026092097,5,-1.2926665212940738
2026092097,6,-1.1177012812616181
2026092097,7,-1.3781290313598027
2026092097,8,-1.0218018803576954
2026092097,9,-0.76522005215317046
2026092097,10,-1.3643954164616281
2026092097,11,0.20762852502552093
2026092097,12,0.061487467587283413
2026092097,13,0.68767535695498283
2026092097,14,-0.11027681589872455
2026092097,15,0.54523797440218313
2026092097,16,1.5350471908828864
2026092097,17,0.51870204344038473
2026092097,18,0.84866622732594521
2026092097,19,0.42472404328029617
2026092097,20,-0.012393034460561206
2026092098,1,-0.89555403986692061
2026092098,2,-0.86130195204108961
2026092098,3,0.097931818110385538
2026092098,4,0.82435043193414448
2026092098,5,0.38628731019545959
2026092098,6,1.4312046597440249
2026092098,7,0.35956245398010067
2026092098,8,-0.48678272353995056
2026092098,9,-0.44634536505750816
2026092098,10,0.84262335713776748
2026092098,11,-0.33746952006185449
2026092098,12,-2.1052474305419784
2026092098,13,-1.7291436094950778
2026092098,14,-0.052431986056666775
2026092098,15,-1.6422882084799761
2026092098,16,-1.2069511149640302
2026092098,17,0.52223540500413934
2026092098,18,-0.67977906598385784
2026092098,19,-1.9835625681989233
2026092098,20,-0.012630721352032826
2026092099,1,0.99098101747841683
2026092099,2,0.87006949946806589
2026092099,3,0.81184415998577897
2026092099,4,-1.1969204079221052
2026092099,5,1.0538568192912492
2026092099,6,1.5468423945524938
2026092099,7,0.48355280159945624
2026092099,8,-0.77178863387234686
2026092099,9,0.64153521847262707
2026092099,10,0.32218651985304192
2026092099,11,-0.44789895415858844
2026092099,12,2.0983598288752807
2026092099,13,-0.26295268334388966
2026092099,14,0.71024558922037362
2026092099,15,0.18255704106093246
2026092099,16,-0.98780036905280089
2026092099,17,-0.065547031125395991
2026092099,18,-0.89041555101849468
2026092099,19,0.11347700782142722
2026092099,20,0.82939503262236625
2026092100,1,-0.0053414025450657654
2026092100,2,-2.0517697539330126
2026092100,3,0.51279111484173179
2026092100,4,1.4736282825580371
2026092100,5,-0.37090840249599005
2026092100,6,-1.5036973275314778
2026092100,7,0.53977023126197154
2026092100,8,0.20168080079185399
2026092100,9,-1.4787010817717938
2026092100,10,0.039915688930398714
2026092100,11,1.1102082231170189
2026092100,12,-0.29940156939698725
2026092100,13,0.11690699386380565
2026092100,14,2.6802802105268637
2026092100,15,-0.84439150966414522
2026092100,16,-0.074298051496463929
2026092100,17,0.60399224514340699
2026092100,18,-0.57405448917899204
2026092100,19,0.41760789796109676
2026092100,20,1.535480663477037
2026092101,1,0.045645739775820968
2026092101,2,-1.3712357216048749
2026092101,3,1.5896537779029982
2026092101,4,-0.0012335565002553422
2026092101,5,-1.4404030089650659
2026092101,6,1.4185933884525745
2026092101,7,0.041540862152985893
2026092101,8,1.1248891352761925
2026092101,9,-1.0006154561867278
2026092101,10,0.24784281143507123
2026092101,11,0.2469129270690717
2026092101,12,-1.019260376304044
2026092101,13,-0.36630094452089423
2026092101,14,-0.31780111946696105
2026092101,15,1.323809406779676
2026092101,16,0.02808750061837386
2026092101,17,1.3564370031528918
2026092101,18,-0.57100473402111229
2026092101,19,1.6647596269915419
2026092101,20,-0.24346897877795026
2026092102,1,-1.8828994538973907
2026092102,2,-1.4310022684163701
2026092102,3,0.83988918097732801
2026092102,4,0.71674934144847846
2026092102,5,-0.39893070734852004
2026092102,6,-1.6387619488608369
2026092102,7,-0.47295707617770494
2026092102,8,1.1099430411715441
2026092102,9,2.9053974670737763
2026092102,10,-0.76544371596927319
2026092102,11,0.11673335906749835
2026092102,12,0.8078811044919687
2026092102,13,0.76635132502541248
2026092102,14,-1.1765181183001305
2026092102,15,1.3924898977519184
2026092102,16,1.4136624318561548
2026092102,17,0.62287153460280764
2026092102,18,-0.92577964524973455
2026092102,19,-0.0073555368401040117
2026092102,20,0.24427473412145179
2026092103,1,-1.0324316723132474
2026092103,2,-0.19613356830003809
2026092103,3,-0.7366421239667682
2026092103,4,-0.86005038705181702
2026092103,5,0.24720742853041899
2026092103,6,1.523351871933611
2026092103,7,0.32387809311941451
2026092103,8,0.85955178493577011
2026092103,9,-0.52949527498262128
2026092103,10,0.41843623769688426
2026092103,11,-0.40463228508886245
2026092103,12,0.60500414874168351
2026092103,13,1.374808479893123
2026092103,14,-0.54684407763118625
2026092103,15,1.5504326664993517
2026092103,16,1.8502892299346907
2026092103,17,2.0145045354183186
2026092103,18,-2.6319683610223188
2026092103,19,-1.2094818253635957
2026092103,20,1.4961150300043367
2026092104,1,-0.6025312413982582
2026092104,2,-1.7454797758588361
2026092104,3,-2.0306407464491594
2026092104,4,-0.10414771836323
2026092104,5,0.13005188055790981
2026092104,6,-0.89924148752179867
2026092104,7,0.094890302616270517
2026092104,8,-0.82054930627695155
2026092104,9,1.5976274869920752
2026092104,10,-0.14474483262422064
2026092104,11,-0.12882042338455352
2026092104,12,-0.46459779118947642
2026092104,13,-0.89690655961285637
2026092104,14,1.5817280277571333
2026092104,15,-0.79976050739148463
2026092104,16,0.28418910381704654
2026092104,17,0.21486620318905233
2026092104,18,0.63874705626228112
2026092104,19,-1.9476482237716599
2026092104,20,1.9587478322788405
2026092105,1,0.37596879712944492
2026092105,2,0.40560166435706213
2026092105,3,-0.21109951783051001
2026092105,4,1.6162384467965625
2026092105,5,1.6277777649497573
2026092105,6,-2.1189587801311109
2026092105,7,-0.66083842017007277
2026092105,8,1.0859452401377374
2026092105,9,0.48408770596098971
2026092105,10,1.0115009414551859
2026092105,11,-0.13315466894347699
2026092105,12,-0.81451445276474077
2026092105,13,0.66710751933858192
2026092105,14,-2.0002556340611943
2026092105,15,0.22593716390430446
2026092105,16,0.25738375548821696
2026092105,17,-1.6070049508196085
2026092105,18,-0.65522474008374543
2026092105,19,-0.52790224255234797
2026092105,20,1.3057705324312534
2026092106,1,-0.73464022421613362
2026092106,2,-1.4851711776849132
2026092106,3,-0.45926768308636917
2026092106,4,-0.04408273372463322
2026092106,5,0.025430440457918244
2026092106,6,-0.25693516602940569
2026092106,7,0.7750315480921588
2026092106,8,-1.2626067134979271
2026092106,9,0.83968372450417816
2026092106,10,2.3873098521432787
2026092106,11,-0.6119176041723674
2026092106,12,0.83031804292450773
2026092106,13,-1.8656696559857475
2026092106,14,-0.59633855317192574
2026092106,15,-0.58874190397939319
2026092106,16,-0.49800179831621394
2026092106,17,-0.28840317271726856
2026092106,18,-2.4605182583318959
2026092106,19,0.80979709889107931
2026092106,20,0.44532977686794556
2026092107,1,-0.0016451452550552664
2026092107,2,0.46419192170728862
2026092107,3,-2.1179470803078191
2026092107,4,-1.0208900856334215
2026092107,5,-0.44587831164828684
2026092107,6,0.13545116248595987
2026092107,7,0.25504918099180601
2026092107,8,0.53121099463552868
2026092107,9,0.5403214271307053
2026092107,10,-0.037759152403743716
2026092107,11,-0.37138151881981385
2026092107,12,-1.7647776368756323
2026092107,13,-1.8226882102873088
2026092107,14,-1.5070206605979719
2026092107,15,-0.84706586674432371
2026092107,16,1.4895620182444795
2026092107,17,-0.97166393296320519
2026092107,18,0.33507607124888583
2026092107,19,-0.12215130092407933
2026092107,20,-1.2949376397535211
2026092108,1,0.5996847256013409
2026092108,2,0.17435298969038418
2026092108,3,1.294824745289201
2026092108,4,-1.1495196071712459
2026092108,5,-0.38663336085191979
2026092108,6,-1.2694910767129219
2026092108,7,0.58296074963268263
2026092108,8,-0.94013873738665865
2026092108,9,1.4141989353620139
2026092108,10,-0.26408218378365539
2026092108,11,0.79092639896862005
2026092108,12,-0.32171508804975468
2026092108,13,0.15286571868952475
2026092108,14,1.6091221422411
2026092108,15,0.46720243819916074
2026092108,16,-0.99039537537277933
2026092108,17,0.17589587580913951
2026092108,18,-0.059073558847438215
2026092108,19,0.86773044511016817
2026092108,20,-0.26712104984008656
2026092109,1,1.237065799938722
2026092109,2,-0.90766510673196188
2026092109,3,-0.40089783590787403
2026092109,4,1.7378997175855022
2026092109,5,2.0345798106291766
2026092109,6,0.072827122853913157
2026092109,7,0.38038727382245241
2026092109,8,0.11112813294887777
2026092109,9,0.17543310395907202
2026092109,10,-0.61484397310667749
2026092109,11,-0.5958241727773298
2026092109,12,-0.43703372083894526
2026092109,13,-2.0945165071909306
2026092109,14,-0.60905056871895669
2026092109,15,-0.41137926365462674
2026092109,16,0.30149023143285275
2026092109,17,-1.3028099101172241
2026092109,18,-2.1012456267998818
2026092109,19,-0.62331523162610458
2026092109,20,-1.0276545893590006
2026092110,1,1.7756229821888219
2026092110,2,0.04622039125768642
2026092110,3,-0.503010914143179
2026092110,4,0.40724891609447755
2026092110,5,0.95764386350351816
2026092110,6,-0.07541273882433451
2026092110,7,0.89566513417834914
2026092110,8,-1.5802827696868962
2026092110,9,0.61480206890574474
2026092110,10,-0.29132188719732477
2026092110,11,0.32739450138827142
2026092110,12,-0.74106047749947757
2026092110,13,-0.22310856769533002
2026092110,14,-0.54027237312224141
2026092110,15,-1.7079324663472379
2026092110,16,1.1512060549300507
2026092110,17,1.0536220301742869
2026092110,18,0.033493940079614891
2026092110,19,-0.88310379445572529
2026092110,20,0.65427989125873254
2026092111,1,-0.25523432085169134
2026092111,2,-0.76172147907640408
2026092111,3,-1.6055687576388649
2026092111,4,-0.42438586247141619
2026092111,5,-0.7701467516468371
2026092111,6,-0.65855664103486611
2026092111,7,1.0298706009472773
2026092111,8,-1.2736436864449299
2026092111,9,0.40024692615005081
2026092111,10,0.76274422897783933
2026092111,11,-0.039006702674874792
2026092111,12,-0.23224837972541426
2026092111,13,-0.51421174981470585
2026092111,14,1.8586559959430156
2026092111,15,-0.72979795463614061
2026092111,16,2.0629866864926276
2026092111,17,0.20100833574249249
2026092111,18,-0.80141645053705579
2026092111,19,-0.61014974168079938
2026092111,20,1.0352389614685908
2026092112,1,-0.34093727618139791
2026092112,2,-0.84582667926965616
2026092112,3,-0.84323472036761793
2026092112,4,0.41674217561162519
2026092112,5,0.82372473810444713
2026092112,6,1.296076361253174
2026092112,7,1.8002200184330788
2026092112,8,0.52692519933540594
2026092112,9,1.7438738223487438
2026092112,10,0.1444901360634348
2026092112,11,1.4684255457664201
2026092112,12,-1.0917901347286694
2026092112,13,0.28120070894692856
2026092112,14,-0.24330516405300834
2026092112,15,-1.7236629214209753
2026092112,16,1.1467984649527752
2026092112,17,-1.7025700965663764
2026092112,18,0.51972133441297874
2026092112,19,-1.6389955044871083
2026092112,20,-0.16566341328503953
2026092113,1,0.22491428981092904
2026092113,2,-0.72152712579814271
2026092113,3,-0.30171137926699593
2026092113,4,-0.00086498623130302154
2026092113,5,-1.3253730132806198
2026092113,6,-0.76818942398300605
2026092113,7,0.32763196982400827
2026092113,8,0.70499190236827125
2026092113,9,-0.051647840683721143
2026092113,10,-0.38804660818118464
2026092113,11,-0.66649053005511349
2026092113,12,0.22814441649958114
2026092113,13,-0.48744712805451529
2026092113,14,2.1972700719866891
2026092113,15,0.65253738813636264
2026092113,16,0.48846287111563824
2026092113,17,0.077236793432124792
2026092113,18,0.49777607275094438
2026092113,19,0.19733664340364537
2026092113,20,-2.5474455224222177
2026092114,1,0.19347799154293327
2026092114,2,0.071263957129458433
2026092114,3,0.89367880921290388
2026092114,4,0.47175751906446384
2026092114,5,2.1436429001114203
2026092114,6,-0.12859165628880645
2026092114,7,0.27372111890340439
2026092114,8,1.1913680036270016
2026092114,9,-1.0536516749522411
2026092114,10,0.48960358031211165
2026092114,11,0.7185922609023887
2026092114,12,-1.0331922072896202
2026092114,13,0.98200566810825829
2026092114,14,0.14949415635408783
2026092114,15,1.675694915543307
2026092114,16,1.1938477356069213
2026092114,17,-1.4163734012605356
2026092114,18,-1.6978910121992696
2026092114,19,-1.2637210495237208
2026092114,20,0.37809144588724269
2026092115,1,1.1024325539182307
2026092115,2,-1.0501418029793306
2026092115,3,0.22626921106560016
2026092115,4,1.1384313237268773
2026092115,5,0.4453342543823654
2026092115,6,2.1085389688749565
2026092115,7,-0.25807276134889634
2026092115,8,-0.93177024766986094
2026092115,9,0.6146852372940883
2026092115,10,-2.0245185075269099
2026092115,11,0.10812216165195088
2026092115,12,0.90096001961099104
2026092115,13,0.64913338630516004
2026092115,14,0.43212791091878067
2026092115,15,0.55231962302766302
2026092115,16,-0.71044331307845854
2026092115,17,-0.25995284524225887
2026092115,18,1.7827808015881463
2026092115,19,-0.58888587560399586
2026092115,20,-0.74396299998580218
2026092116,1,-0.30963787018493683
2026092116,2,-0.31173626127981013
2026092116,3,1.3074907398179503
2026092116,4,-0.41492213656248073
2026092116,5,-0.62801552554864493
2026092116,6,1.0847446597555743
2026092116,7,-0.88684863133205172
2026092116,8,-0.35563654453754506
2026092116,9,2.5007472446525214
2026092116,10,1.6850390514308629
2026092116,11,-0.79916760091627781
2026092116,12,1.1096442156708237
2026092116,13,-0.22880143583280166
2026092116,14,1.2485925781856544
2026092116,15,1.0828847383095668
2026092116,16,0.96786005131913255
2026092116,17,1.8527965095354015
2026092116,18,-1.4709312013337388
2026092116,19,0.44723410691948667
2026092116,20,-2.1070558510950881
2026092117,1,-0.14989188145141288
2026092117,2,-0.51064157998992243
2026092117,3,-0.24464956089327355
2026092117,4,1.7332638437579246
2026092117,5,0.22638889399968681
2026092117,6,0.30772562901962081
2026092117,7,-0.82288140679668442
2026092117,8,-0.74606331524151159
2026092117,9,0.84315007244286544
2026092117,10,0.011734232452127624
2026092117,11,-0.34542201961441277
2026092117,12,-1.5856638164062848
2026092117,13,0.14432060188662871
2026092117,14,0.74527194156378329
2026092117,15,-0.91353641541377717
2026092117,16,0.63394251675950175
2026092117,17,-0.14720438032522118
2026092117,18,0.91741116961262614
2026092117,19,-1.5112262108022505
2026092117,20,0.45471328210172829
2026092118,1,0.76908197215176066
2026092118,2,-0.52549825061125766
2026092118,3,-0.055633567830974007
2026092118,4,-0.44548278721099588
2026092118,5,0.018144221275880081
2026092118,6,0.72023782045474005
2026092118,7,-0.63774425944646296
2026092118,8,0.1377768490311107
2026092118,9,-1.1664121296528016
2026092118,10,-0.75699026876591713
2026092118,11,-0.97124618528668338
2026092118,12,-0.11328214778348472
2026092118,13,-0.41235242516256027
2026092118,14,0.10608183385080644
2026092118,15,-0.51997713180757155
2026092118,16,0.38694662312640765
2026092118,17,0.66174008835926312
2026092118,18,0.52102906540474136
2026092118,19,-0.40816967911518831
2026092118,20,0.51932970054216721
2026092119,1,-1.1680329954476047
2026092119,2,0.15312767975976632
2026092119,3,0.25615966833272213
2026092119,4,0.55151480119169827
2026092119,5,0.17130329653736337
2026092119,6,-1.700195812001758
2026092119,7,-0.95219937022417112
2026092119,8,0.28018714579000842
2026092119,9,-0.81583416533791164
2026092119,10,0.053923479340142653
2026092119,11,-1.4188010911523439
2026092119,12,1.1335859529569481
2026092119,13,-0.19243675592671633
2026092119,14,-1.7179560783155268
2026092119,15,-1.18018970856657
2026092119,16,-1.2134011562430906
2026092119,17,-1.0044386756691071
2026092119,18,0.5427315562598759
2026092119,19,1.2453865688165291
2026092119,20,-2.2680625484117218
2026092120,1,0.9873059351182355
2026092120,2,-1.8802390102321085
2026092120,3,0.73578151246029799
2026092120,4,0.16665842724644447
2026092120,5,-0.97627567082099087
2026092120,6,-2.2078372380926528
2026092120,7,0.31977566132913188
2026092120,8,0.36614182935656076
2026092120,9,-1.8732344335271967
2026092120,10,1.2514321182426362
2026092120,11,1.7607006941827672
2026092120,12,0.5877297162117251
2026092120,13,0.028606614453332568
2026092120,14,1.0640594112746746
2026092120,15,-2.5159952792164799
2026092120,16,-0.1197867833481743
2026092120,17,-0.34322680800352084
2026092120,18,1.445176789568579
2026092120,19,1.2968030165259519
2026092120,20,-0.62083142645689926
2026092121,1,0.14472477677786566
2026092121,2,-1.3394505518695472
2026092121,3,-1.3148148649726539
2026092121,4,1.156341464280755
2026092121,5,1.2790550417833013
2026092121,6,-1.6251576641107501
2026092121,7,-2.5696565287947806
2026092121,8,0.96979588428157715
2026092121,9,-0.26447008834065683
2026092121,10,-0.42140998384754791
2026092121,11,-0.65967198692736828
2026092121,12,0.98333407030258646
2026092121,13,0.50339144832451943
2026092121,14,1.5850488322884173
2026092121,15,-0.14816846766083824
2026092121,16,1.6998085132236205
2026092121,17,-3.2985577042694278
2026092121,18,0.27324798877996204
2026092121,19,-1.1866711830827599
2026092121,20,-0.3109160887773828
2026092122,1,-1.3073678676777383
2026092122,2,2.5953104807150531
2026092122,3,-1.0675795469066749
2026092122,4,0.56338663948817602
2026092122,5,-1.1355106462126889
2026092122,6,0.063972550246501447
2026092122,7,-0.061656180422805691
2026092122,8,-0.10053174961988964
2026092122,9,1.1669509256113308
2026092122,10,1.6597907594705537
2026092122,11,2.2862140182633417
2026092122,12,-0.1668738871782067
2026092122,13,0.54160009065125969
2026092122,14,-0.44067825670023425
2026092122,15,0.49941763135076783
2026092122,16,0.65863756761116499
2026092122,17,-1.15211779125974
2026092122,18,-0.11152362953151108
2026092122,19,0.75077717781089015
2026092122,20,1.1312083479751014
2026092123,1,0.84653167044080724
2026092123,2,0.66790811807847483
2026092123,3,0.73720010048104112
2026092123,4,-0.24240438931825156
2026092123,5,0.75462870091509571
2026092123,6,0.88942093420520196
2026092123,7,-0.78889971704875073
2026092123,8,-0.092702065367524636
2026092123,9,-1.6966754713560839
2026092123,10,0.62992080095970493
2026092123,11,0.060649982797709563
2026092123,12,0.31371286863821979
2026092123,13,0.57267012695928865
2026092123,14,0.6497451045296937
2026092123,15,-1.1268242675952629
2026092123,16,1.6300698468347399
2026092123,17,-1.7598583510231927
2026092123,18,0.79172395881310575
2026092123,19,-0.54800736762940061
2026092123,20,-1.2200170016563199
2026092124,1,0.74944225121714925
2026092124,2,-0.56727170818851091
2026092124,3,-0.56088620644684661
2026092124,4,-0.97048942926554416
2026092124,5,1.8906277053200184
2026092124,6,0.019574306381705577
2026092124,7,-0.79318876220571433
2026092124,8,-0.3515101294308462
2026092124,9,1.8759107223974987
2026092124,10,-0.036170919040303375
2026092124,11,-0.50426156887399387
2026092124,12,0.074845368280446481
2026092124,13,-0.058932487414778599
2026092124,14,0.40993648633989421
2026092124,15,-0.82943822945040058
2026092124,16,-0.82044309000283666
2026092124,17,1.3441109929309154
2026092124,18,0.64972981175094791
2026092124,19,-1.263707238419717
2026092124,20,1.2333793794861261
2026092125,1,0.91665055696175135
2026092125,2,2.031892925102492
2026092125,3,-1.3977301302275993
2026092125,4,-0.47155635870505608
2026092125,5,1.457719740073306
2026092125,6,0.45735236654877809
2026092125,7,-1.05797648502085
2026092125,8,-0.15963186804454524
2026092125,9,-0.3798790697677466
2026092125,10,0.33639492479967598
2026092125,11,-0.8817861450163148
2026092125,12,-0.41513198765581649
2026092125,13,0.29104039122797987
2026092125,14,0.10694385203551149
2026092125,15,0.89274064058889047
2026092125,16,1.1361664356984886
2026092125,17,-0.21391463336187472
2026092125,18,0.84451131864934792
2026092125,19,-0.55497216521638415
2026092125,20,-0.52602396208104907
2026092126,1,0.35220707630541842
2026092126,2,-0.10468439036427636
2026092126,3,0.54646480404019582
2026092126,4,0.54466953306392374
2026092126,5,0.80692033943984831
2026092126,6,0.44429766756493488
2026092126,7,-0.56409864939580934
2026092126,8,0.16146177596890299
2026092126,9,0.83598869817147348
2026092126,10,-0.92114052725839823
2026092126,11,1.4308169960695534
2026092126,12,0.81534976074380494
2026092126,13,-0.84394555295415807
2026092126,14,0.33130164394775607
2026092126,15,2.4112584864883972
2026092126,16,-0.014402685225312455
2026092126,17,0.57974396381140891
2026092126,18,1.2262344812455404
2026092126,19,-1.4546500785851444
2026092126,20,0.064172318217066565
2026092127,1,-1.1928543536936718
2026092127,2,-0.024161100613421548
2026092127,3,-0.81317755172895412
2026092127,4,0.10036536261784715
2026092127,5,1.0673537828669455
2026092127,6,0.66159638465526227
2026092127,7,0.69344546285384501
2026092127,8,-1.1364577351288088
2026092127,9,-0.61050444390637004
2026092127,10,0.59265945104138351
2026092127,11,-0.011429015651600311
2026092127,12,0.33414511621962761
2026092127,13,0.16783550727574278
2026092127,14,1.1827364154978417
2026092127,15,1.7524797676081318
2026092127,16,0.13948479164583413
2026092127,17,0.9697604932062226
2026092127,18,0.029571782501862993
2026092127,19,-0.76412853860874996
2026092127,20,-0.97956753768625004
2026092128,1,-0.83354607594195629
2026092128,2,1.9203402215260619
2026092128,3,1.1878767546874802
2026092128,4,0.43510463984986825
2026092128,5,0.94850902639544254
2026092128,6,-0.40161518497784254
2026092128,7,0.70848067113215984
2026092128,8,-0.38069719100404736
2026092128,9,0.30827702385055289
2026092128,10,1.6645246497352939
2026092128,11,-0.93436462262314157
2026092128,12,-1.2713723131349541
2026092128,13,-0.38605852898298509
2026092128,14,0.2154168945822173
2026092128,15,1.3181036911452833
2026092128,16,-0.60459116795256351
2026092128,17,2.1122818250602826
2026092128,18,1.5788525890483125
2026092128,19,0.11588230102966383
2026092128,20,0.086479966720939591
2026092129,1,-0.95440058213936896
2026092129,2,-0.6746196695261063
2026092129,3,0.25445712101643025
2026092129,4,0.75796122442296932
2026092129,5,0.37853413557856974
2026092129,6,2.3858735964404243
2026092129,7,1.1859058441562715
2026092129,8,1.5722621995316772
2026092129,9,0.017814037747279261
2026092129,10,0.68753956824469431
2026092129,11,-1.0180962990053544
2026092129,12,-1.0638783541988117
2026092129,13,-0.58556320318251309
2026092129,14,0.093228565005247593
2026092129,15,-0.65714029978763155
2026092129,16,1.7728348150236517
2026092129,17,-0.62180275910909288
2026092129,18,2.4428688253563346
2026092129,19,0.59513062900655711
2026092129,20,-0.56654404183156981
2026092130,1,0.97905605005014629
2026092130,2,0.17672248123093204
2026092130,3,1.3429998595635195
2026092130,4,-0.42518592373858938
2026092130,5,-0.29776386058172111
2026092130,6,-0.35161880230515502
2026092130,7,0.68397213370858689
2026092130,8,-1.0518675463767992
2026092130,9,-0.81975940481394494
2026092130,10,1.0381035049596963
2026092130,11,-0.32596928760090954
2026092130,12,0.6629381266313954
2026092130,13,-0.6176050292609474
2026092130,14,-1.4738368255087635
2026092130,15,-1.3094760699474057
2026092130,16,-0.93417485545394663
2026092130,17,0.8998861957014872
2026092130,18,1.1582362487650637
2026092130,19,-0.075533812352588672
2026092130,20,-0.1028298326346239
2026092131,1,-0.75154331655669349
2026092131,2,-0.66891821938298368
2026092131,3,-0.026310609392667644
2026092131,4,0.90969947531701278
2026092131,5,0.46246859029196963
2026092131,6,1.3424244075631231
2026092131,7,0.37107400575282767
2026092131,8,0.81929120619489493
2026092131,9,-0.51536774496938398
2026092131,10,0.49696120538520694
2026092131,11,0.14648890606098181
2026092131,12,0.60049285940734065
2026092131,13,-0.54258611184146766
2026092131,14,-1.1620519914367451
2026092131,15,2.3382558039414651
2026092131,16,-0.2562379762156235
2026092131,17,2.2193657875584987
2026092131,18,-1.866849439944444
2026092131,19,0.99154509228497101
2026092131,20,-0.76298610232295094
2026092132,1,1.1090736801625323
2026092132,2,-0.54483614089553667
2026092132,3,-0.12960179400858454
2026092132,4,0.30437503550688372
2026092132,5,2.2353729889198339
2026092132,6,-0.48808885916538824
2026092132,7,0.60776402715528643
2026092132,8,1.9800631497348136
2026092132,9,-0.18916785440247746
2026092132,10,-1.393933052909206
2026092132,11,-2.8712046088626582
2026092132,12,-0.059781258674470428
2026092132,13,-1.3079262072820974
2026092132,14,-0.24871615120003418
2026092132,15,0.5689703169507464
2026092132,16,-1.0448216743039247
2026092132,17,0.55918334740058395
2026092132,18,1.5496106654255963
2026092132,19,0.97450837617807828
2026092132,20,0.2386826484325951
2026092133,1,-0.13541829207887526
2026092133,2,-1.43318028962768
2026092133,3,-1.8230684585812562
2026092133,4,1.018396942368726
2026092133,5,-1.6839965980212033
2026092133,6,1.7055358789291075
2026092133,7,-0.43142819426607348
2026092133,8,-0.67998917092574374
2026092133,9,-1.5868463073485883
2026092133,10,1.9088875701081718
2026092133,11,-0.50090105074412705
2026092133,12,1.5158288459418381
2026092133,13,-1.6210612957140422
2026092133,14,0.62245723518399898
2026092133,15,0.44461348468273676
2026092133,16,0.72935351104368318
2026092133,17,-1.2322150063254438
2026092133,18,-2.2159775876921106
2026092133,19,-1.6340417936667113
2026092133,20,-1.5763368299952838
2026092134,1,-0.52988588903594591
2026092134,2,-0.62039245207367943
2026092134,3,-0.88801015977260978
2026092134,4,0.53960941893302894
2026092134,5,-0.58516017382020635
2026092134,6,-1.1252143203062179
2026092134,7,0.34137888386304294
2026092134,8,-0.49876305529381637
2026092134,9,1.9184106053407517
2026092134,10,0.80834069641402728
2026092134,11,-0.40686155721680711
2026092134,12,-1.717036952614762
2026092134,13,0.426745347697981
2026092134,14,-0.69068905357485766
2026092134,15,-0.63123205017805728
2026092134,16,-0.17394664618482025
2026092134,17,-0.7192400976043809
2026092134,18,-0.33806437161796415
2026092134,19,0.51678890438578273
2026092134,20,-0.24262733700856282
2026092135,1,-0.31144195681202003
2026092135,2,-1.9003267550779732
2026092135,3,0.65556218184126158
2026092135,4,1.4625813353665607
2026092135,5,0.75499320586447916
2026092135,6,-0.30909676208284176
2026092135,7,-0.90062220253379899
2026092135,8,0.88958933541611773
2026092135,9,-0.8702735281682531
2026092135,10,-1.0592330067991667
2026092135,11,0.81619827029699099
2026092135,12,1.1323711532073515
2026092135,13,-0.31985452838334244
2026092135,14,-1.285404907695102
2026092135,15,0.87255744908736677
2026092135,16,0.83327819627610999
2026092135,17,2.1748487373264735
2026092135,18,0.60824426294372291
2026092135,19,0.70704406830825539
2026092135,20,-0.91927135147009897
2026092136,1,-0.63792407066925205
2026092136,2,-1.3247912657691125
2026092136,3,-1.063490860696334
2026092136,4,0.64205742591220272
2026092136,5,0.10874225093833761
2026092136,6,-0.37675986619949314
2026092136,7,-1.3610278295243878
2026092136,8,-1.2255681302222696
2026092136,9,-1.3818929729040743
2026092136,10,-0.70402458395006517
2026092136,11,1.663750796833551
2026092136,12,-0.081710169207054595
2026092136,13,-0.34420567210807995
2026092136,14,1.8911426231935446
2026092136,15,0.080741963435409833
2026092136,16,0.53269627244626461
2026092136,17,-0.9733045470114684
2026092136,18,0.31790113013115129
2026092136,19,-1.7603933275798611
2026092136,20,-2.1739071436556663
2026092137,1,-0.10314616233648587
2026092137,2,0.16183048219675195
2026092137,3,-0.75028521790570735
2026092137,4,1.1814507350986221
2026092137,5,2.1081580065332099
2026092137,6,-0.57547398497056645
2026092137,7,0.24060628866702163
2026092137,8,0.12515860774046861
2026092137,9,-0.55114473098345229
2026092137,10,0.32055533913419609
2026092137,11,1.6803668639705074
2026092137,12,-0.31816545302032001
2026092137,13,-0.17051042317127063
2026092137,14,-1.2822346222335608
2026092137,15,-0.18094721765476604
2026092137,16,2.1496909903040784
2026092137,17,-0.60779138571017433
2026092137,18,0.58194348621190706
2026092137,19,-0.55502946148324106
2026092137,20,0.41363408943145458
2026092138,1,3.0366488126619378
2026092138,2,0.12167412807635281
2026092138,3,1.1917301966135565
2026092138,4,0.21776537369379645
2026092138,5,-1.0824281119599979
2026092138,6,-1.4981895082374099
2026092138,7,1.2722673795162385
2026092138,8,0.34923214952117093
2026092138,9,-0.36701011341953665
2026092138,10,0.69335955402973659
2026092138,11,0.63314489356795522
2026092138,12,1.1214871945037939
2026092138,13,0.17695812554593182
2026092138,14,-0.058368354864793297
2026092138,15,1.3311308474102503
2026092138,16,0.67372489713054706
2026092138,17,-0.04938885468256024
2026092138,18,1.1809630101003241
2026092138,19,-1.0985257516872171
2026092138,20,-0.74009709841567184
2026092139,1,-0.9566899395333075
2026092139,2,-0.60882525226080075
2026092139,3,-0.015861832601892219
2026092139,4,0.40717113447479891
2026092139,5,2.8081026374143012
2026092139,6,0.6709377450020092
2026092139,7,0.8476656748640824
2026092139,8,1.3390267078567444
2026092139,9,0.99411911230200423
2026092139,10,0.90823947016301476
2026092139,11,-0.40263395229026239
2026092139,12,0.56305055321783681
2026092139,13,1.4256658304907521
2026092139,14,-2.222584555198432
2026092139,15,0.96398103693278303
2026092139,16,-1.5871826552925201
2026092139,17,0.69477501803673369
2026092139,18,-0.060557691889638644
2026092139,19,-0.07986864615973549
2026092139,20,0.93683767410848529
2026092140,1,-1.543389102461872
2026092140,2,0.30285427414524346
2026092140,3,0.33208433760203243
2026092140,4,-0.59452778437730625
2026092140,5,0.10098037490528837
2026092140,6,-0.85982827266455253
2026092140,7,1.1321714709135897
2026092140,8,-1.2221362932355548
2026092140,9,0.57550314825366089
2026092140,10,0.23153410777498146
2026092140,11,0.33714790483276408
2026092140,12,0.32510528052735999
2026092140,13,-1.1937949462482766
2026092140,14,-1.4326865552663746
2026092140,15,-0.026977045783746725
2026092140,16,-0.11392355993970767
2026092140,17,-0.95004930792116449
2026092140,18,0.55912225562767925
2026092140,19,0.60945540708631518
2026092140,20,-2.0328706706310209
2026092141,1,-1.2409166236926701
2026092141,2,0.75635293340376486
2026092141,3,-2.0917236514290924
2026092141,4,0.22092110535878512
2026092141,5,-0.81353623383681395
2026092141,6,0.59494042385550605
2026092141,7,-1.1202712337779719
2026092141,8,0.57273316916861561
2026092141,9,0.31767501444986768
2026092141,10,1.610846576591394
2026092141,11,-0.28862727320937087
2026092141,12,0.54567808096091008
2026092141,13,-0.34461928293335242
2026092141,14,-2.4406982048727373
2026092141,15,0.37490484485542941
2026092141,16,0.64258474142525812
2026092141,17,0.4142385737557383
2026092141,18,-0.55271496643877349
2026092141,19,-0.13819655296215685
2026092141,20,-1.4182801230129329
2026092142,1,-0.034838202315986944
2026092142,2,1.3241075898534673
2026092142,3,1.2493181143335252
2026092142,4,-1.230497411630167
2026092142,5,-0.1695810637268052
2026092142,6,-1.9098298634181157
2026092142,7,0.72846740191656123
2026092142,8,2.3433555510482575
2026092142,9,1.3601995206976338
2026092142,10,-0.38380004749440411
2026092142,11,0.36136025581306214
2026092142,12,0.57404431776615361
2026092142,13,-0.23773302458801679
2026092142,14,-0.025571439163614432
2026092142,15,0.6680523521358751
2026092142,16,0.11163219568590201
2026092142,17,0.55620536899340656
2026092142,18,-0.41735594998450354
2026092142,19,-0.37246062937225166
2026092142,20,1.1219235034798565
2026092143,1,-1.4873480474978782
2026092143,2,0.59273939513466956
2026092143,3,1.02342906124452
2026092143,4,0.63334423235347403
2026092143,5,0.57163427994391214
2026092143,6,1.3677222497881374
2026092143,7,0.59494201224198062
2026092143,8,0.33171868869460175
2026092143,9,-0.67945142825841132
2026092143,10,-0.76142687073466353
2026092143,11,1.9493491855222171
2026092143,12,1.193345255080267
2026092143,13,1.2425511136987399
2026092143,14,-0.38004508804699372
2026092143,15,-1.2027984978539157
2026092143,16,-0.53698019610699188
2026092143,17,-0.9692825867193432
2026092143,18,-1.0978149491044393
2026092143,19,0.97592194718293745
2026092143,20,1.1812919684981695
2026092144,1,-1.2331755657447814
2026092144,2,0.93220454150365606
2026092144,3,0.086217589640286016
2026092144,4,-0.81836275009855997
2026092144,5,0.79587074381818457
2026092144,6,0.97476383776895514
2026092144,7,-0.36747499903207681
2026092144,8,-0.31996414216036279
2026092144,9,-0.57424602502952948
2026092144,10,-0.224208758967262
2026092144,11,0.76950574364233904
2026092144,12,0.49979368613394815
2026092144,13,-0.16231833912234706
2026092144,14,-0.24468597741646231
2026092144,15,1.1775924212871698
2026092144,16,0.12033279568189545
2026092144,17,1.2198556102420854
2026092144,18,0.027731813282044389
2026092144,19,-0.86984431787427052
2026092144,20,0.32115086512816998
2026092145,1,0.27611012684069397
2026092145,2,-1.2972031025847741
2026092145,3,1.0332754414015426
2026092145,4,0.78534943393189227
2026092145,5,-0.33446371488299331
2026092145,6,0.82286054540851483
2026092145,7,0.2094308119231077
2026092145,8,-1.1346605487871697
2026092145,9,0.74413518211220497
2026092145,10,0.90283301897640733
2026092145,11,0.74665196567115921
2026092145,12,0.22382848821475146
2026092145,13,-0.46249954542858818
2026092145,14,-0.72334820613195439
2026092145,15,-0.20469958113103273
2026092145,16,0.23481655336095544
2026092145,17,-0.54766701120095829
2026092145,18,2.5490277475871017
2026092145,19,0.84150750122346063
2026092145,20,-0.37990423303071613
2026092146,1,0.18767856514328235
2026092146,2,-0.8676405490251996
2026092146,3,0.88998776013195269
2026092146,4,-0.26515638972660294
2026092146,5,-0.9380934463093652
2026092146,6,0.21828418959191304
2026092146,7,-1.1283418844297952
2026092146,8,1.0654988624950847
2026092146,9,0.27310934517104651
2026092146,10,1.3743684513650685
2026092146,11,2.6847490899315614
2026092146,12,-0.1152802320617476
2026092146,13,-1.5247880773102345
2026092146,14,-0.54962340670313492
2026092146,15,-2.5801511750083872
2026092146,16,0.14483638232857218
2026092146,17,-0.77338684637776334
2026092146,18,-2.1844619988790943
2026092146,19,2.7948222645768284
2026092146,20,0.62815102853227012
2026092147,1,-1.1463670341996797
2026092147,2,-0.99608507051965622
2026092147,3,-0.22206461390402127
2026092147,4,0.17309903407093982
2026092147,5,1.0219853013782942
2026092147,6,-1.3336730782966753
2026092147,7,0.59393718111681226
2026092147,8,-0.28484666654160545
2026092147,9,1.0386869417536437
2026092147,10,0.97518043101974328
2026092147,11,-0.53195454889121407
2026092147,12,0.15291719378072943
2026092147,13,0.59192077550507116
2026092147,14,-2.3264094815134326
2026092147,15,-0.76557376966946911
2026092147,16,-0.36977756174710874
2026092147,17,-1.8259405006764842
2026092147,18,0.13321403595772738
2026092147,19,0.96813374208062863
2026092147,20,0.44718134724862685
2026092148,1,-1.0589678432695475
2026092148,2,0.8347123524267096
2026092148,3,-0.34694136972177847
2026092148,4,1.3650120160265802
2026092148,5,-0.43707529189295047
2026092148,6,-0.53336138006227574
2026092148,7,-1.0402980653575231
2026092148,8,0.36281173608675221
2026092148,9,-0.20562846253255526
2026092148,10,-1.5045902620361584
2026092148,11,-0.77689391941890718
2026092148,12,1.4275715390306187
2026092148,13,0.56727063931569788
2026092148,14,0.58025050517714005
2026092148,15,1.263720679536706
2026092148,16,-0.46299161088695528
2026092148,17,0.971280225466984
2026092148,18,0.37636917247226753
2026092148,19,0.15950870659768615
2026092148,20,-1.134004919539886
2026092149,1,-1.9494601464990668
2026092149,2,-0.12409540572400093
2026092149,3,0.74512674364762621
2026092149,4,0.19582534410946548
2026092149,5,-0.056982307643707777
2026092149,6,0.07081388195626645
2026092149,7,0.36036641226341926
2026092149,8,0.28339181345211795
2026092149,9,-0.53468492593296546
2026092149,10,0.42145205461366225
2026092149,11,-0.12190951020547867
2026092149,12,-0.97285693020322561
2026092149,13,0.67209156647132084
2026092149,14,0.17749141996338114
2026092149,15,-0.2762994909796499
2026092149,16,-0.056139515238251836
2026092149,17,-0.41797744205856413
2026092149,18,0.25782982981845959
2026092149,19,0.53472896474549114
2026092149,20,0.13865638495273472
2026092150,1,-0.77369201143847899
2026092150,2,0.46230297186748842
2026092150,3,0.22957908234559665
2026092150,4,0.15610681280954974
2026092150,5,0.094207472729145592
2026092150,6,1.2109270881763736
2026092150,7,0.22236569089500469
2026092150,8,1.7000569190532575
2026092150,9,-1.3259483700465227
2026092150,10,-0.46055917328303947
2026092150,11,-1.1273380285925507
2026092150,12,-0.33469284396144316
2026092150,13,0.73207484445769155
2026092150,14,-2.1949727693487864
2026092150,15,0.9032579408541761
2026092150,16,0.76031051500600477
2026092150,17,-1.2314495613003023
2026092150,18,-0.6098568837550169
2026092150,19,1.0107109557220351
2026092150,20,-0.29856553006366993
2026092151,1,1.6116100575839658
2026092151,2,0.32788538019022817
2026092151,3,-0.24158847763453997
2026092151,4,0.76375808360428021
2026092151,5,0.76329616351700624
2026092151,6,0.11997818949397693
2026092151,7,1.4429197608190336
2026092151,8,1.7082740038476085
2026092151,9,2.1144238007213398
2026092151,10,0.68003634161543203
2026092151,11,-0.17886901403240105
2026092151,12,-1.8641632817320639
2026092151,13,0.6112413846876219
2026092151,14,-0.032954280675179942
2026092151,15,0.023074947557330236
2026092151,16,0.8826212272238716
2026092151,17,-0.56736307927125518
2026092151,18,-1.0402574539978229
2026092151,19,-0.69310346456249361
2026092151,20,0.043802477198439417
2026092152,1,0.74848832181832747
2026092152,2,1.3389334741928343
2026092152,3,0.82464839883666052
2026092152,4,-1.8217185586528686
2026092152,5,-1.6840378499859932
2026092152,6,-0.30598432413324289
2026092152,7,-0.151556474511895
2026092152,8,0.27696156176508924
2026092152,9,-0.26256771474457874
2026092152,10,0.20731799626018324
2026092152,11,-0.75516779756219188
2026092152,12,0.083478151535798156
2026092152,13,-0.50796670023597856
2026092152,14,0.54666710015059949
2026092152,15,0.20240219156680672
2026092152,16,1.3058765702938311
2026092152,17,-0.88124472898094264
2026092152,18,-0.13068259546881297
2026092152,19,0.033474093812880551
2026092152,20,0.50137229900955871
2026092153,1,0.42504320250729927
2026092153,2,-1.6539651793534826
2026092153,3,-0.1900421856590282
2026092153,4,-0.26786064182348068
2026092153,5,-1.636978359374162
2026092153,6,1.4808683848554229
2026092153,7,-0.3386045455487206
2026092153,8,-1.4392503187554841
2026092153,9,1.7777241250913625
2026092153,10,-0.85384208990565125
2026092153,11,-0.091546675455350557
2026092153,12,0.079495732554535278
2026092153,13,0.85789692394265893
2026092153,14,-0.4943830270324136
2026092153,15,-1.2351188920987801
2026092153,16,-0.31755191846052577
2026092153,17,-0.92488069477294055
2026092153,18,0.12934427938707915
2026092153,19,1.7265038226748615
2026092153,20,-2.085742189315658
2026092154,1,0.0092532752371540239
2026092154,2,0.59012558551875283
2026092154,3,0.84539224761353315
2026092154,4,-0.30999593986082252
2026092154,5,2.0016428075137997
2026092154,6,-1.6565619360531185
2026092154,7,-1.44723074519185
2026092154,8,-0.84670519061984528
2026092154,9,-0.40028901682522428
2026092154,10,-0.25155828605389591
2026092154,11,-0.85655400703577855
2026092154,12,0.55491543454934456
2026092154,13,-0.82906463455275414
2026092154,14,-0.28663414419448774
2026092154,15,0.21517269775257492
2026092154,16,0.19818334766358803
2026092154,17,1.0518844109088519
2026092154,18,0.13281272862978885
2026092154,19,-0.22653929417220564
2026092154,20,-0.19531604601498989
2026092155,1,-1.6857451299685151
2026092155,2,-0.3792930268600162
2026092155,3,0.42284942162826378
2026092155,4,-1.7036810859235696
2026092155,5,-0.20054522961293178
2026092155,6,1.847146141939201
2026092155,7,0.29702719844408476
2026092155,8,-0.63769756354194929
2026092155,9,0.93317432230306274
2026092155,10,-1.5549583669608329
2026092155,11,1.6252415775205762
2026092155,12,0.97673624685858884
2026092155,13,-1.1097707284446421
2026092155,14,2.0321814639845805
2026092155,15,-0.044768487355965517
2026092155,16,-0.52671022852241689
2026092155,17,1.0147087613248535
2026092155,18,0.84788382451881539
2026092155,19,-0.41306095746636995
2026092155,20,-0.70346949138827786
2026092156,1,2.1889811520246578
2026092156,2,-0.97190547470292943
2026092156,3,-0.37223115991973105
2026092156,4,-0.70519877211105308
2026092156,5,-1.759973931436672
2026092156,6,-0.86935187639312772
2026092156,7,1.1732883539454777
2026092156,8,0.34378910570091442
2026092156,9,-0.23300837932330293
2026092156,10,-1.9936298544899214
2026092156,11,0.079087629896639117
2026092156,12,-0.14249016056207611
2026092156,13,-0.86098344017237594
2026092156,14,0.37455145972629028
2026092156,15,-1.1372370897350494
2026092156,16,-0.12038800401229266
2026092156,17,-2.1745547834474399
2026092156,18,-0.24112921967111933
2026092156,19,-1.8709000663893003
2026092156,20,0.46987824350644974
2026092157,1,-0.78841314677808028
2026092157,2,0.52584962937345792
2026092157,3,0.34784929299132988
2026092157,4,-1.6208629803251902
2026092157,5,0.30659386524327359
2026092157,6,-0.47351643076282213
2026092157,7,-0.079760121441983356
2026092157,8,1.6069252953527946
2026092157,9,0.34709065120092825
2026092157,10,-0.075720692710159923
2026092157,11,-0.40084093417181421
2026092157,12,1.3466275754389119
2026092157,13,0.61238724751438767
2026092157,14,-2.0833553786837893
2026092157,15,-1.5975129541413051
2026092157,16,-0.5639849394795724
2026092157,17,-0.26191784961455306
2026092157,18,-1.4013078122552753
2026092157,19,0.98583447521135292
2026092157,20,-1.0552234551085304
2026092158,1,-2.2826821703551072
2026092158,2,0.21226748448010849
2026092158,3,0.48518795942899434
2026092158,4,0.17909731962989231
2026092158,5,0.1559515200181823
2026092158,6,0.29235880540990161
2026092158,7,-0.68479993764833547
2026092158,8,1.2693368003002743
2026092158,9,-0.49352090925128073
2026092158,10,-0.77783154516052611
2026092158,11,-0.48189802346247845
2026092158,12,0.38239792619371532
2026092158,13,0.83261690926110066
2026092158,14,1.0926257593450497
2026092158,15,-1.1819317000665415
2026092158,16,-1.5600391172581161
2026092158,17,0.39413295893744305
2026092158,18,-0.092253721744944645
2026092158,19,-2.5956262143968494
2026092158,20,0.39039410322867862
2026092159,1,1.0623984220584877
2026092159,2,-0.8146908109201918
2026092159,3,-0.84881494878616337
2026092159,4,-0.12407590117714656
2026092159,5,-0.27854752966635227
2026092159,6,0.38067577728288987
2026092159,7,-0.37209019074831706
2026092159,8,0.84979329076699039
2026092159,9,0.71774036540997255
2026092159,10,0.80994770650725212
2026092159,11,-0.28407557833317865
2026092159,12,-0.95056251223461596
2026092159,13,-1.082790770512648
2026092159,14,-0.39396252002161342
2026092159,15,0.94961824152359597
2026092159,16,-0.2754348686595175
2026092159,17,1.1393767576982674
2026092159,18,-0.22303512611505791
2026092159,19,-1.1774562003694562
2026092159,20,0.035069847560463246
2026092160,1,-1.7120380828921036
2026092160,2,-0.62129757197191926
2026092160,3,-0.31764490437959569
2026092160,4,-1.6913482923755123
2026092160,5,-2.1558286323366
2026092160,6,-0.56950790835573917
2026092160,7,-0.027666516478040248
2026092160,8,1.5933227462714141
2026092160,9,-0.35860634067891384
2026092160,10,-0.79266999445892816
2026092160,11,0.40149097503572501
2026092160,12,-0.33878891052827342
2026092160,13,0.14305565653143523
2026092160,14,-0.58893273689501213
2026092160,15,-0.5519939536577313
2026092160,16,-1.5176188295507882
2026092160,17,0.63077224140021015
2026092160,18,0.45629001233243544
2026092160,19,-0.7224313771828047
2026092160,20,0.81007787444871204
2026092161,1,-1.117412284680575
2026092161,2,0.81057803098313697
2026092161,3,-0.21219078150470178
2026092161,4,0.78374272513409726
2026092161,5,0.047230686545898438
2026092161,6,-1.7459400357338766
2026092161,7,0.43739888498079049
2026092161,8,1.763354832323367
2026092161,9,0.5539587649072627
2026092161,10,0.89121914521523471
2026092161,11,-0.32962404333001538
2026092161,12,0.93593667288335314
2026092161,13,-0.066356495063401397
2026092161,14,-0.66200708793640795
2026092161,15,0.91374741313836649
2026092161,16,0.43597887694771181
2026092161,17,0.15062654057111102
2026092161,18,0.41014872069282832
2026092161,19,-0.098584398943116561
2026092161,20,1.082557062008989
2026092162,1,0.032359540588862722
2026092162,2,-0.76743371420682904
2026092162,3,1.2974025390235957
2026092162,4,0.66157550447341129
2026092162,5,1.3656571311675354
2026092162,6,2.2024221211912551
2026092162,7,-0.66922978983354431
2026092162,8,-0.67238063632443912
2026092162,9,0.60218179762908575
2026092162,10,1.1439924824846266
2026092162,11,-0.89879138365195976
2026092162,12,-0.70598438305707456
2026092162,13,1.1091594371707578
2026092162,14,0.51425309933586416
2026092162,15,-1.307022726823426
2026092162,16,-1.157928959569908
2026092162,17,0.58383819994546493
2026092162,18,0.20545593576592566
2026092162,19,2.3276049366816212
2026092162,20,0.5952221423227545
2026092163,1,-0.58501763118148098
2026092163,2,0.66096464222007112
2026092163,3,0.14891073130913726
2026092163,4,0.1968487687744406
2026092163,5,-0.25324308176665411
2026092163,6,-1.1144245082969535
2026092163,7,-0.83747381053489378
2026092163,8,0.47097504664949713
2026092163,9,-1.9261966784191404
2026092163,10,1.2484251949179963
2026092163,11,-0.21601644839246448
2026092163,12,-0.10971859713313058
2026092163,13,-0.24151476163238134
2026092163,14,0.44044319682413208
2026092163,15,-0.0071505864511953159
2026092163,16,0.015249998340375074
2026092163,17,1.0725234916351221
2026092163,18,-1.1380316686614886
2026092163,19,-0.34678809294126589
2026092163,20,0.75578720600257709
2026092164,1,0.90772302545893135
2026092164,2,0.68471438965312847
2026092164,3,-0.15795166816337811
2026092164,4,0.81462468022508683
2026092164,5,-0.80308025608605904
2026092164,6,0.59548065765438507
2026092164,7,-0.16616025445007987
2026092164,8,-0.13477641729498271
2026092164,9,1.9119341250399544
2026092164,10,-0.17034474580290326
2026092164,11,-1.4234518482246443
2026092164,12,0.97833141417494318
2026092164,13,-0.27753042598678357
2026092164,14,0.83614352124578772
2026092164,15,-0.84411807474040212
2026092164,16,0.5019970255126347
2026092164,17,-0.54617950559374495
2026092164,18,-0.91484214252208418
2026092164,19,-0.7848959020666153
2026092164,20,0.25925589800798621
2026092165,1,-0.35113074459371107
2026092165,2,-0.50718384127345084
2026092165,3,0.66670665436034782
2026092165,4,0.21876393036756675
2026092165,5,-0.26450459064362308
2026092165,6,1.1915498128150983
2026092165,7,0.61809699882772751
2026092165,8,-0.23913115324909387
2026092165,9,-0.19599864098160752
2026092165,10,1.1913048013219147
2026092165,11,0.15108228898411688
2026092165,12,0.15404508768051695
2026092165,13,-1.0028158002520193
2026092165,14,0.92028072106551106
2026092165,15,-0.78898259068225685
2026092165,16,-0.58510864711818467
2026092165,17,1.1315579151944675
2026092165,18,2.0753785818491886
2026092165,19,-0.45140767094810852
2026092165,20,-0.85596990372437354
2026092166,1,0.24876031762973005
2026092166,2,-2.3339814884056098
2026092166,3,0.026536744054093162
2026092166,4,0.55212502294576149
2026092166,5,0.70051881909339564
2026092166,6,0.24265224606181793
2026092166,7,-0.058995905940699242
2026092166,8,-0.01828805473168903
2026092166,9,-0.30866216582833073
2026092166,10,-0.78704801919985612
2026092166,11,-0.21193984653288411
2026092166,12,0.94168309026606156
2026092166,13,1.6449846028086412
2026092166,14,1.2085993003351665
2026092166,15,-0.2216784319753663
2026092166,16,0.49624709281393836
2026092166,17,-0.024081722635643989
2026092166,18,0.53574209418162089
2026092166,19,1.5811728093202495
2026092166,20,-0.1539912925705666
2026092167,1,-0.64139344672921261
2026092167,2,0.62410987958709963
2026092167,3,1.4552989979462927
2026092167,4,0.1408900077441442
2026092167,5,-0.5472234423969361
2026092167,6,0.26000080542758869
2026092167,7,-0.21714049722207754
2026092167,8,0.0072026231406443582
2026092167,9,-0.24998453879350838
2026092167,10,0.95691641393032212
2026092167,11,-0.096673505761082565
2026092167,12,-0.60356614832224964
2026092167,13,-0.49208061757908261
2026092167,14,1.4032186262598076
2026092167,15,1.5946603453042816
2026092167,16,-1.8676569604141804
2026092167,17,0.52973173827835218
2026092167,18,-0.43750774610084087
2026092167,19,-0.36764351316675181
2026092167,20,-1.0661035595159347
2026092168,1,-2.8663093995912354
2026092168,2,-0.10126100648513768
2026092168,3,-0.033450250881817266
2026092168,4,-0.95147311433773152
2026092168,5,1.232902333037579
2026092168,6,0.31794939451226262
2026092168,7,0.68354691439768711
2026092168,8,-1.8046337448366423
2026092168,9,-2.0559291937532524
2026092168,10,2.0714213376632982
2026092168,11,0.85328943441269434
2026092168,12,-0.75380307669297175
2026092168,13,3.2358471798745887
2026092168,14,0.10082010340592544
2026092168,15,1.6243642082709577
2026092168,16,0.65523571016706417
2026092168,17,1.41002641564473
2026092168,18,-0.86455621007311145
2026092168,19,-1.4532912190313145
2026092168,20,-1.1986910890521865
2026092169,1,0.11504261382328874
2026092169,2,-1.7008514356773499
2026092169,3,1.5060506345471059
2026092169,4,-0.13873082283009799
2026092169,5,1.0764760999195431
2026092169,6,0.60284789163988395
2026092169,7,1.5927428884775821
2026092169,8,1.2680390727048121
2026092169,9,0.99374990180326161
2026092169,10,-0.3819583590577611
2026092169,11,0.72336683182542016
2026092169,12,1.1580723556561023
2026092169,13,0.23996276857067697
2026092169,14,0.013042012806539417
2026092169,15,-0.28370067837520913
2026092169,16,0.30978134429656334
2026092169,17,0.84694011175591943
2026092169,18,-0.52186488775925288
2026092169,19,1.2205729731991528
2026092169,20,1.1307879554020559
2026092170,1,-1.2906500222327053
2026092170,2,0.48610305415288801
2026092170,3,0.75321455539219095
2026092170,4,-0.67638578753284462
2026092170,5,-0.6530885345943378
2026092170,6,0.16821322893607032
2026092170,7,-0.23745440575020985
2026092170,8,0.98510479617243785
2026092170,9,-0.29444457524085005
2026092170,10,-0.35749236467721179
2026092170,11,2.3060342002270922
2026092170,12,-0.0095225854180394417
2026092170,13,-1.5972897652000799
2026092170,14,0.89500223253383304
2026092170,15,0.052632208851883029
2026092170,16,-0.45544380761810199
2026092170,17,0.40549243453636052
2026092170,18,-1.1778232974849689
2026092170,19,-0.97290814789991009
2026092170,20,0.34744202541590052
2026092171,1,-1.1015525593900088
2026092171,2,-0.34215289837618518
2026092171,3,0.26030154778382475
2026092171,4,-0.58221113933393731
2026092171,5,0.022943531727244851
2026092171,6,-0.78093153395894932
2026092171,7,-0.26248433140471944
2026092171,8,1.7711092161066855
2026092171,9,-0.26028006333056725
2026092171,10,0.99038108286347426
2026092171,11,-0.25910261707277654
2026092171,12,0.41542300898217621
2026092171,13,1.5834893844236961
2026092171,14,-0.41658346792033396
2026092171,15,-0.15251336014862998
2026092171,16,0.15257397131505412
2026092171,17,-0.013079260417384169
2026092171,18,-0.3277520148864112
2026092171,19,0.45518766442244257
2026092171,20,-0.3959439996494174
2026092172,1,1.1918246255023563
2026092172,2,-0.66230997995675067
2026092172,3,-0.12067884475373762
2026092172,4,0.17350449089154607
2026092172,5,-0.022948714265652256
2026092172,6,0.19798962446600471
2026092172,7,0.27304332541743592
2026092172,8,0.58039247710385866
2026092172,9,-1.2916869567824707
2026092172,10,1.726469652393702
2026092172,11,0.91697906840689036
2026092172,12,-2.0609196043154427
2026092172,13,-2.1383527050848334
2026092172,14,-1.306559451910599
2026092172,15,-0.55351189376457
2026092172,16,-0.27939283922058178
2026092172,17,-0.53958573141807431
2026092172,18,0.8496975502666555
2026092172,19,-0.2124158538556781
2026092172,20,-0.43996806244912118
2026092173,1,1.7243971379200176
2026092173,2,1.2478076916669267
2026092173,3,0.01811396309014033
2026092173,4,0.63816275477490936
2026092173,5,1.398037328804455
2026092173,6,-0.12704239487335553
2026092173,7,-0.43064172895379238
2026092173,8,0.046461455949237472
2026092173,9,0.24536689284075119
2026092173,10,0.30894799782137977
2026092173,11,1.0842624184758491
2026092173,12,1.2733224685516982
2026092173,13,-1.0928754984052496
2026092173,14,0.94507681239778696
2026092173,15,0.16144490043388177
2026092173,16,0.31785044228320936
2026092173,17,0.33308918250132513
2026092173,18,1.9917022411519232
2026092173,19,1.0488752186697605
2026092173,20,0.66468382581524965
2026092174,1,-2.3783459022749902
2026092174,2,-0.51125846050744173
2026092174,3,-0.60638629109698261
2026092174,4,0.36361931580353291
2026092174,5,-0.31614299955198749
2026092174,6,-0.72477388141803878
2026092174,7,-0.1336141387303407
2026092174,8,-2.1211313173465398
2026092174,9,1.0439850472921008
2026092174,10,-0.10492240918603343
2026092174,11,-0.046316414604286538
2026092174,12,-0.71805457296392339
2026092174,13,0.57210579270523532
2026092174,14,0.76870224722359326
2026092174,15,0.059515954781591371
2026092174,16,0.96126183172958002
2026092174,17,-0.04331392222521608
2026092174,18,0.42092910837366271
2026092174,19,0.55579201046479187
2026092174,20,-0.32957678211926744
2026092175,1,0.70653976721043832
2026092175,2,0.059466678379720368
2026092175,3,-0.22874534283569789
2026092175,4,-1.1372952529882432
2026092175,5,0.28743025632308888
2026092175,6,-0.13885264588815019
2026092175,7,-0.30621399842428382
2026092175,8,-1.7929940722782622
2026092175,9,0.1152751764292826
2026092175,10,-2.1687237263311085
2026092175,11,0.191040290039976
2026092175,12,0.1177761778764463
2026092175,13,-0.86124141565710433
2026092175,14,-0.62242120392943134
2026092175,15,0.18310237944431693
2026092175,16,1.378475942927466
2026092175,17,-0.20274457032940296
2026092175,18,-0.40429661300655867
2026092175,19,-0.15601406284646507
2026092175,20,0.16693399868247541
2026092176,1,-2.8506853760351865
2026092176,2,-0.55213443208874169
2026092176,3,0.60691217534230646
2026092176,4,-1.1941178853918901
2026092176,5,-0.41147170268454553
2026092176,6,0.30780953866440042
2026092176,7,0.27780009999966077
2026092176,8,-0.85929514498136983
2026092176,9,0.50564746638046576
2026092176,10,-0.76235613554291659
2026092176,11,-0.84927709374588434
2026092176,12,1.0951952170922821
2026092176,13,-0.81627706334717054
2026092176,14,-1.2201591565170593
2026092176,15,-1.461435714770424
2026092176,16,0.17802816182754785
2026092176,17,0.032365903277270458
2026092176,18,0.62503425313492922
2026092176,19,-0.61010013604275493
2026092176,20,-1.8436639109911723
2026092177,1,-0.69535932275062196
2026092177,2,0.58298109961700006
2026092177,3,1.7318132264496353
2026092177,4,-1.2477455922796015
2026092177,5,-1.0411556861565676
2026092177,6,0.58602073210778849
2026092177,7,-0.96995862069275651
2026092177,8,0.97620903520857372
2026092177,9,0.060294770005178668
2026092177,10,2.6873991478488142
2026092177,11,-0.66608231818971486
2026092177,12,0.9324152382959362
2026092177,13,1.4050242570474551
2026092177,14,-0.20780702001856269
2026092177,15,0.64068352152770236
2026092177,16,-0.6369604128789752
2026092177,17,-0.16462095255990231
2026092177,18,-2.1843958848191165
2026092177,19,1.5872858879359215
2026092177,20,2.42766662446529
2026092178,1,-1.1223495191363235
2026092178,2,-0.25768883476829468
2026092178,3,-0.7133382641013678
2026092178,4,-1.2189441786458788
2026092178,5,1.0766727143152517
2026092178,6,-0.072552668731480932
2026092178,7,0.50097412628026716
2026092178,8,-1.0875014651598156
2026092178,9,-1.1096612504932721
2026092178,10,0.2617624533851246
2026092178,11,-2.3005597743162052
2026092178,12,0.73061805831615345
2026092178,13,-1.3728064222793566
2026092178,14,0.44216707522114357
2026092178,15,-0.77397277232467998
2026092178,16,1.0791889508234662
2026092178,17,0.20097568510240479
2026092178,18,-0.021835929125830676
2026092178,19,-1.4318650132234139
2026092178,20,-0.33610228863307107
2026092179,1,0.37359896562644701
2026092179,2,0.50176963973643485
2026092179,3,0.061163851009113306
2026092179,4,-1.4600591596830033
2026092179,5,-0.72861317522516056
2026092179,6,1.0143785726019598
2026092179,7,-0.88984292311904067
2026092179,8,-1.1153924466932532
2026092179,9,0.098693417958717264
2026092179,10,0.86482554077406637
2026092179,11,0.18214460212611919
2026092179,12,-0.60495671010198637
2026092179,13,-0.84996886348990353
2026092179,14,0.72470720845307679
2026092179,15,-0.1283445203508207
2026092179,16,0.083584700374124118
2026092179,17,-0.23133643190878567
2026092179,18,0.10460111530940197
2026092179,19,-2.4491997438531583
2026092179,20,-0.088469706096170483
2026092180,1,-1.9222662042208964
2026092180,2,0.028507981195476196
2026092180,3,-1.0316501442303427
2026092180,4,-0.28186553031644168
2026092180,5,0.088283014049012273
2026092180,6,-1.3658735314076025
2026092180,7,0.086828008254298192
2026092180,8,-1.4973232937140517
2026092180,9,0.18704000382544189
2026092180,10,0.036656497718051122
2026092180,11,-0.0094282716777802731
2026092180,12,-1.0585601031680074
2026092180,13,-2.2017122520695116
2026092180,14,-0.81218803306381215
2026092180,15,0.27801199147236805
2026092180,16,-1.6152071994629027
2026092180,17,1.1935577780240907
2026092180,18,-0.95464658332715313
2026092180,19,-1.2216666121612092
2026092180,20,-0.20616435820128595
2026092181,1,0.85147171622461748
2026092181,2,0.65430397485338398
2026092181,3,0.86949873146932455
2026092181,4,0.9875808254930809
2026092181,5,0.58801730704496735
2026092181,6,-0.34850980265194531
2026092181,7,-0.92728472385755689
2026092181,8,0.66429353226891052
2026092181,9,0.14869187906161002
2026092181,10,-2.0056339332867079
2026092181,11,0.3101400507288119
2026092181,12,-0.36902375505654172
2026092181,13,-0.91048816626894202
2026092181,14,-0.90942254351623997
2026092181,15,-1.2533200765759107
2026092181,16,-2.0623280119441354
2026092181,17,-0.56678205922420077
2026092181,18,0.13703904163596115
2026092181,19,0.99704635282371668
2026092181,20,-1.6838271069169894
2026092182,1,-0.12424173048191435
2026092182,2,-0.29478760783897029
2026092182,3,-0.48532471939657423
2026092182,4,0.15147732324393398
2026092182,5,0.31047059494833623
2026092182,6,1.2449156866293942
2026092182,7,-0.07471415878008672
2026092182,8,-0.34964597796326846
2026092182,9,-2.608614324745794
2026092182,10,-0.21872769466362935
2026092182,11,0.40524113645484455
2026092182,12,-1.5301774846079617
2026092182,13,0.9910532496354445
2026092182,14,-1.6669640266959425
2026092182,15,0.049449195240057656
2026092182,16,-0.75085718530154433
2026092182,17,0.9288958134788371
2026092182,18,0.049742092853477651
2026092182,19,-0.79458420433205301
2026092182,20,2.0743512337750545
2026092183,1,-1.8302226463280546
2026092183,2,0.3251455216398913
2026092183,3,0.32369581458729085
2026092183,4,0.017536181839045824
2026092183,5,0.22278969573988372
2026092183,6,-1.2169422365888052
2026092183,7,1.170615075663233
2026092183,8,1.3572595319796701
2026092183,9,-0.59350727442604034
2026092183,10,0.22857499387711977
2026092183,11,-0.33607825960632809
2026092183,12,-1.2921513837833296
2026092183,13,-2.2339838960705816
2026092183,14,0.013926076747613675
2026092183,15,-0.098603584619941162
2026092183,16,-0.12466339014686695
2026092183,17,-0.1257684887614984
2026092183,18,-2.0181771258946561
2026092183,19,1.9358488847994217
2026092183,20,1.3375230743151041
2026092184,1,0.91444161199174934
2026092184,2,-3.1609835778423214
2026092184,3,-0.3927131844718994
2026092184,4,0.31605185130977809
2026092184,5,-0.2686885155894787
2026092184,6,-1.5572326853613929
2026092184,7,-0.13579453772574376
2026092184,8,-0.94370299890407616
2026092184,9,0.26352273424093065
2026092184,10,-0.26819140223429055
2026092184,11,0.59675978073795632
2026092184,12,-0.45534283957937011
2026092184,13,-0.6254834292923247
2026092184,14,1.2257671986784557
2026092184,15,-0.14133062836730809
2026092184,16,-0.37767446870626054
2026092184,17,0.41837152243245301
2026092184,18,0.38325175034606884
2026092184,19,-0.91005433946640557
2026092184,20,-1.3607697375559391
2026092185,1,-1.0100137716006135
2026092185,2,0.76516169286737334
2026092185,3,-0.027740191740085601
2026092185,4,0.46928441035622964
2026092185,5,-1.3163622878356589
2026092185,6,0.616253007233309
2026092185,7,-0.49379354449705631
2026092185,8,0.80319556123034619
2026092185,9,0.69139134121953982
2026092185,10,0.0084441507342552131
2026092185,11,0.69448841006713347
2026092185,12,-1.5021164824775703
2026092185,13,0.41729128847426189
2026092185,14,-1.0200598163390109
2026092185,15,1.9139268946347827
2026092185,16,0.8461827156387367
2026092185,17,-0.18670627174346466
2026092185,18,-0.56823771639347864
2026092185,19,0.93554803256428021
2026092185,20,-1.4175479797089703
2026092186,1,1.3644976222409211
2026092186,2,-1.3289409656899749
2026092186,3,1.4104935104137859
2026092186,4,0.14649643689808411
2026092186,5,0.52602375422228131
2026092186,6,-1.0634509305663224
2026092186,7,-0.064602378381696926
2026092186,8,-2.0295799167742485
2026092186,9,-0.63189463637184307
2026092186,10,1.09077125450187
2026092186,11,-0.8154282735470666
2026092186,12,2.0518740532321185
2026092186,13,-1.3575496800730313
2026092186,14,0.97614947287639853
2026092186,15,-0.15283434624501349
2026092186,16,-0.29733369241406116
2026092186,17,2.043368101503416
2026092186,18,-1.2596757305368516
2026092186,19,-0.60852505569201165
2026092186,20,0.95910919998457811
2026092187,1,-0.91862611459025434
2026092187,2,-1.4261435714449939
2026092187,3,-0.95430010256121545
2026092187,4,-1.8189591188345555
2026092187,5,-0.47833249213660278
2026092187,6,-0.1214716261502666
2026092187,7,0.91386795727226344
2026092187,8,-0.22267552035194102
2026092187,9,0.027726520259877051
2026092187,10,-0.22853366465186503
2026092187,11,0.24175422585299061
2026092187,12,0.45587375747308551
2026092187,13,0.47087453682635783
2026092187,14,-0.63060600857541205
2026092187,15,-0.083740168605904969
2026092187,16,0.46526061479464648
2026092187,17,2.3125568765627595
2026092187,18,-0.84157921250196621
2026092187,19,-0.68259879127208523
2026092187,20,-0.54082974887196611
2026092188,1,0.064503518737405729
2026092188,2,-0.26813197945552064
2026092188,3,0.23918556647834952
2026092188,4,-0.65020490097287587
2026092188,5,0.37511452253462185
2026092188,6,0.060158479846335967
2026092188,7,1.6653787011757479
2026092188,8,-1.5782254213647671
2026092188,9,-0.13599331723236396
2026092188,10,-1.0566405790853051
2026092188,11,0.61733390168972968
2026092188,12,-0.18246728483694866
2026092188,13,-1.0677090108641945
2026092188,14,0.3367044191053632
2026092188,15,-0.90923897185223945
2026092188,16,1.379200360028292
2026092188,17,0.25218289492415424
2026092188,18,1.4336872965461505
2026092188,19,0.11676485550451998
2026092188,20,1.6152370925295254
2026092189,1,1.7677549792916123
2026092189,2,0.39512427482798962
2026092189,3,-1.4223869214838958
2026092189,4,0.24887808979313261
2026092189,5,1.3428591768972722
2026092189,6,-0.21675124239368471
2026092189,7,0.043064881657325256
2026092189,8,1.0540266553723017
2026092189,9,-0.92571368153095468
2026092189,10,-0.53550874204268339
2026092189,11,0.50152601803452579
2026092189,12,0.32956329387471206
2026092189,13,0.6330201712296013
2026092189,14,0.36490407658708079
2026092189,15,1.1417048147063469
2026092189,16,0.18231984047103764
2026092189,17,0.72016836779912385
2026092189,18,-0.34516912454145399
2026092189,19,-0.489189566984155
2026092189,20,-0.24756980063418985
2026092190,1,-1.8562223388170913
2026092190,2,0.39594848220513296
2026092190,3,0.30594037550787606
2026092190,4,1.1341973324229655
2026092190,5,-0.98671706484359112
2026092190,6,0.44111061566911169
2026092190,7,-1.6287441890195211
2026092190,8,0.12314252036757294
2026092190,9,1.7050237451173953
2026092190,10,0.1025400248065348
2026092190,11,-0.63489439743058351
2026092190,12,-1.2126624215878414
2026092190,13,0.67062612509043151
2026092190,14,-0.50299410301700986
2026092190,15,-0.31067246057132764
2026092190,16,0.0064384965334040346
2026092190,17,0.42452587181912788
2026092190,18,-2.8520399726477876
2026092190,19,0.77212490958542901
2026092190,20,-0.16535528610529879
2026092191,1,1.7943037071439463
2026092191,2,-0.74297886287527537
2026092191,3,-0.1799534406774671
2026092191,4,0.63386881344444979
2026092191,5,-1.3531108917517007
2026092191,6,1.2726526648624035
2026092191,7,-0.78375913857610635
2026092191,8,-1.8642604866288215
2026092191,9,-1.8501154525846524
2026092191,10,-0.0089016163798364915
2026092191,11,0.82080269438309372
2026092191,12,0.10183164757277822
2026092191,13,0.6856339798810811
2026092191,14,-1.336141626105418
2026092191,15,1.0612279861057388
2026092191,16,-0.82586923849468774
2026092191,17,-0.8784411438674864
2026092191,18,0.17101152631893118
2026092191,19,1.0674993232340757
2026092191,20,-1.0918521691153262
2026092192,1,-1.9592198447497504
2026092192,2,-0.09087631895068117
2026092192,3,-2.7882785149215743
2026092192,4,0.58340364875327244
2026092192,5,0.73363743498861878
2026092192,6,-0.21514461115561004
2026092192,7,2.0365204531847603
2026092192,8,0.77331852568519555
2026092192,9,0.77738557161711064
2026092192,10,2.1113333378292949
2026092192,11,-0.32495687849144317
2026092192,12,0.17211350066870146
2026092192,13,-0.42016213158800814
2026092192,14,0.72033846231555521
2026092192,15,-0.16986694789270568
2026092192,16,-0.39672854291010901
2026092192,17,-0.75116284244332243
2026092192,18,0.67730138886655078
2026092192,19,-0.60070733890974093
2026092192,20,1.2243046827005744
2026092193,1,-0.090081958072917745
2026092193,2,1.2389815315799295
2026092193,3,-0.12683754355314875
2026092193,4,-0.24473705681954053
2026092193,5,-0.49651755006278575
2026092193,6,-0.58993506020121245
2026092193,7,0.78465916160477067
2026092193,8,-0.007643977532388717
2026092193,9,0.54789480301090543
2026092193,10,-0.76515951421955419
2026092193,11,0.42944387916546467
2026092193,12,-1.4803557607885243
2026092193,13,-0.090026031075967822
2026092193,14,2.1289516483509496
2026092193,15,1.9761211799975564
2026092193,16,-0.90858761939930643
2026092193,17,-0.47109709285755824
2026092193,18,0.85677590055173192
2026092193,19,-0.65518846113610107
2026092193,20,-1.1234003857827024
2026092194,1,-0.69170307760614302
2026092194,2,-3.2484774873260531
2026092194,3,0.12809699872789856
2026092194,4,2.2297113164245328
2026092194,5,0.6307248780467114
2026092194,6,-0.23107782986160949
2026092194,7,-0.6273610103117323
2026092194,8,0.62729178650711825
2026092194,9,0.67856902049437795
2026092194,10,-1.7763642494811822
2026092194,11,-1.1289733935071848
2026092194,12,-0.34347561994533737
2026092194,13,-0.27105405299676499
2026092194,14,0.16447580861801001
2026092194,15,0.24605051653419266
2026092194,16,0.71855757470236736
2026092194,17,0.23251800985848795
2026092194,18,-1.641927467299519
2026092194,19,1.8666786894255596
2026092194,20,1.3000347955452645
2026092195,1,0.33251944162242686
2026092195,2,0.29911751873716269
2026092195,3,-1.2267735177458805
2026092195,4,-0.031990817313817962
2026092195,5,-0.0078090189318045381
2026092195,6,-1.0127831981683979
2026092195,7,1.0743406442784895
2026092195,8,-1.5946134066203572
2026092195,9,0.37060301290282899
2026092195,10,-0.42308491505874829
2026092195,11,0.88893403817935379
2026092195,12,1.8968562143398831
2026092195,13,-0.13697303581508002
2026092195,14,0.20504423054394236
2026092195,15,1.0548442726955451
2026092195,16,1.6768899456004067
2026092195,17,0.27839646233305249
2026092195,18,0.2097256986546307
2026092195,19,0.46034708660605372
2026092195,20,0.73889682965450731
2026092196,1,0.90616762078963409
2026092196,2,1.4868508028672791
2026092196,3,0.5746070265098896
2026092196,4,-0.049362012370893722
2026092196,5,-1.3308026834317312
2026092196,6,-2.1106763917516069
2026092196,7,-0.15914149959327303
2026092196,8,0.43876505099043767
2026092196,9,-0.87458249923060416
2026092196,10,0.65214553184339541
2026092196,11,1.5884643616526568
2026092196,12,-0.98785330547723915
2026092196,13,-1.8786814475019042
2026092196,14,0.1836087919761967
2026092196,15,1.5094976489726222
2026092196,16,0.54729266966880075
2026092196,17,2.2319827859842767
2026092196,18,-0.91972031446293412
2026092196,19,0.086357015454548394
2026092196,20,-0.26865688365658652
2026092197,1,-0.52072593609194739
2026092197,2,3.1805799615678167
2026092197,3,-0.67527821161534674
2026092197,4,0.19521091546220293
2026092197,5,-1.1611905289356232
2026092197,6,1.2090238556132471
2026092197,7,-2.2301507661851843
2026092197,8,1.0176617913061674
2026092197,9,0.87378143627146188
2026092197,10,-0.60381397716210028
2026092197,11,2.1472211964690735
2026092197,12,1.5877142252721252
2026092197,13,-0.53014928945629869
2026092197,14,0.50560445387079478
2026092197,15,-0.21238769056562953
2026092197,16,-0.76215148015271927
2026092197,17,1.6676943196498359
2026092197,18,-0.46257212108028822
2026092197,19,-0.062216573754284785
2026092197,20,-0.9853154809009339
2026092198,1,1.5231495927719982
2026092198,2,-2.5036878020784354
2026092198,3,0.26629534928016652
2026092198,4,-1.3824251246406865
2026092198,5,1.612344920547828
2026092198,6,-0.59530399455925154
2026092198,7,-0.64878342762318264
2026092198,8,-1.0233116207300619
2026092198,9,-1.5772823305216699
2026092198,10,-0.13005015150667765
2026092198,11,-1.5939181225259411
2026092198,12,-0.10059082633262667
2026092198,13,0.1828940921388848
2026092198,14,-0.072734554973086646
2026092198,15,-0.50762144674391396
2026092198,16,0.68427118618348326
2026092198,17,-0.52227241880222308
2026092198,18,0.79985813555135654
2026092198,19,-0.94169211614207382
2026092198,20,0.94958549035452966
2026092199,1,-0.65894720835028497
2026092199,2,0.08081049617126107
2026092199,3,-0.2660319411723428
2026092199,4,-0.59151062467694315
2026092199,5,-1.5399223452510529
2026092199,6,0.4844174499191477
2026092199,7,0.71277711383237374
2026092199,8,0.50804866192022224
2026092199,9,-1.5048473869950876
2026092199,10,-1.2212691961621862
2026092199,11,-0.58373250666940102
2026092199,12,1.2237818476969855
2026092199,13,-1.1819626292872076
2026092199,14,-0.77178671367436602
2026092199,15,0.41878846522946417
2026092199,16,-0.31364846641765576
2026092199,17,0.89611875809305686
2026092199,18,0.86473689806837839
2026092199,19,-0.15644024717693075
2026092199,20,-0.069707827574006592
2026092200,1,-0.93695085155931357
2026092200,2,0.35489977656859478
2026092200,3,-0.31671139223692096
2026092200,4,0.31884838374745167
2026092200,5,-0.58535187095060948
2026092200,6,1.2480975163439261
2026092200,7,0.038667926377342683
2026092200,8,-1.0065861197232107
2026092200,9,-0.24326043910326509
2026092200,10,-0.70391304837159063
2026092200,11,-0.50621617097265192
2026092200,12,-0.026433103471210657
2026092200,13,-0.028170462739523693
2026092200,14,1.17413365131276
2026092200,15,-0.10110104122650569
2026092200,16,1.4747232395922714
2026092200,17,-0.61093109417286195
2026092200,18,-1.9493941393900809
2026092200,19,0.80985672349456972
2026092200,20,-0.05756449132035435
2026092201,1,-1.8363598856229333
2026092201,2,-0.86620843236183254
2026092201,3,1.407270765260741
2026092201,4,-1.16724257370484
2026092201,5,-1.3036463259042046
2026092201,6,0.74186477210937385
2026092201,7,0.78099706620218301
2026092201,8,0.55729152868105214
2026092201,9,0.18447326354119079
2026092201,10,-1.1451470111904649
2026092201,11,-0.36832673098391211
2026092201,12,-0.088506359163251835
2026092201,13,0.42154856117284351
2026092201,14,0.80368862797827811
2026092201,15,-0.78567386764438485
2026092201,16,-1.695558390918128
2026092201,17,-0.62058622507044237
2026092201,18,-1.4613181625451015
2026092201,19,1.0724824779609057
2026092201,20,-1.4025007362715618
2026092202,1,-0.81576271363243191
2026092202,2,-0.65002344390969813
2026092202,3,0.55322197023557762
2026092202,4,0.98907091856826268
2026092202,5,1.2884948649850825
2026092202,6,0.22118020575007366
2026092202,7,1.8139690799226098
2026092202,8,0.23277028543934475
2026092202,9,-0.99593432254959002
2026092202,10,-0.73202040892912179
2026092202,11,-0.39726068118060581
2026092202,12,-1.0710192844289272
2026092202,13,0.50153439823965584
2026092202,14,-0.082200785578815563
2026092202,15,0.57537457802562653
2026092202,16,-0.32332924627503268
2026092202,17,-1.1559297110177658
2026092202,18,-1.8991809967843376
2026092202,19,0.78968793246769531
2026092202,20,0.95819360263690856
2026092203,1,1.7727782500706402
2026092203,2,-1.1958654476806256
2026092203,3,-0.22847719882655035
2026092203,4,2.766881510706563
2026092203,5,-0.61764862358771344
2026092203,6,-0.91395910835650296
2026092203,7,1.21623021342672
2026092203,8,1.2756988585617461
2026092203,9,-1.4764497445244404
2026092203,10,-1.082588940545957
2026092203,11,0.61929883022175158
2026092203,12,-0.18783891315226239
2026092203,13,-1.0831249020997369
2026092203,14,-0.050909105854059618
2026092203,15,-2.7387136380060424
2026092203,16,0.031427174540054316
2026092203,17,0.26858890955507764
2026092203,18,0.43377068634915983
2026092203,19,-1.5625998343001564
2026092203,20,1.4200766931941622
2026092204,1,-0.26087837274714687
2026092204,2,-0.11369166074570301
2026092204,3,1.0249871894883558
2026092204,4,0.16324630501686521
2026092204,5,-0.498718229716753
2026092204,6,1.0158413182134054
2026092204,7,-0.12993033247577021
2026092204,8,1.0687858669418873
2026092204,9,-0.56193784526985679
2026092204,10,-0.86469789553917331
2026092204,11,-0.87525254090369731
2026092204,12,0.8844795550899367
2026092204,13,1.3552594939837153
2026092204,14,1.3614841581733412
2026092204,15,0.93496920231432146
2026092204,16,-0.067804735606473765
2026092204,17,-0.51993074034254738
2026092204,18,-0.036791292129522271
2026092204,19,0.81652022552795844
2026092204,20,0.13406349028790848
2026092205,1,0.70035719265365237
2026092205,2,-0.44920263438050784
2026092205,3,-0.96554649490789413
2026092205,4,0.07479850570154907
2026092205,5,0.52556202012517972
2026092205,6,-2.0278003584355901
2026092205,7,0.4276401062387879
2026092205,8,1.4385197193396109
2026092205,9,-0.4136117793052449
2026092205,10,1.2299484737545106
2026092205,11,-0.048333916599275509
2026092205,12,0.87540750020440483
2026092205,13,0.39406727706104761
2026092205,14,0.41593541810830165
2026092205,15,-1.0099417484113906
2026092205,16,-0.0062212866398781127
2026092205,17,0.57801674114068735
2026092205,18,2.340259988889378
2026092205,19,-0.10293780725096933
2026092205,20,-2.7921244980568849
2026092206,1,1.6604582738615365
2026092206,2,1.3765344677800342
2026092206,3,-0.51731306739214222
2026092206,4,0.56403999206532085
2026092206,5,0.41146181797819059
2026092206,6,-0.067698808482517733
2026092206,7,-1.0865084807228906
2026092206,8,0.68146169775718723
2026092206,9,0.29705595069460988
2026092206,10,1.1622032186324256
2026092206,11,-1.120796120373164
2026092206,12,-0.11121582642907933
2026092206,13,0.23774112350076021
2026092206,14,-0.22681138750477325
2026092206,15,-0.51861375186509462
2026092206,16,-0.83653503264148388
2026092206,17,0.9314188869810387
2026092206,18,1.4910465550429191
2026092206,19,1.399831274508788
2026092206,20,0.97609629320657898
2026092207,1,0.86449771782187335
2026092207,2,-0.83134548477066073
2026092207,3,-2.1578165074188456
2026092207,4,0.9997320178343484
2026092207,5,1.102746657988481
2026092207,6,-0.44046823384933559
2026092207,7,0.79618598109563332
2026092207,8,0.47955364408466894
2026092207,9,1.8567313311366052
2026092207,10,-0.27647085707398128
2026092207,11,0.71928150500320909
2026092207,12,0.19723434820460858
2026092207,13,-0.13790629757243286
2026092207,14,0.20267503670191056
2026092207,15,-0.063754636516800661
2026092207,16,-0.28086740817504674
2026092207,17,-1.6028548694778935
2026092207,18,-0.67784775694048149
2026092207,19,-0.34359970869287926
2026092207,20,-0.45857981081230442
2026092208,1,-0.53970349180880695
2026092208,2,0.13332669137066291
2026092208,3,2.1079980923692072
2026092208,4,-1.5477642977161772
2026092208,5,-2.7239561990877545
2026092208,6,-0.015427967134575392
2026092208,7,-0.56739626195938719
2026092208,8,0.095103108797248717
2026092208,9,-0.60973033825131007
2026092208,10,0.4365619469871766
2026092208,11,0.88060711422456472
2026092208,12,0.36516474091986201
2026092208,13,-0.55365797265286198
2026092208,14,0.85767272474216583
2026092208,15,-1.0229556690008439
2026092208,16,-0.02142699679563477
2026092208,17,0.83753776042001871
2026092208,18,0.7724894179317513
2026092208,19,-0.48786517869540441
2026092208,20,-0.12706753647658783
2026092209,1,-0.3602045258453323
2026092209,2,-1.9874339572471424
2026092209,3,1.1092158683403941
2026092209,4,-0.54361608630805025
2026092209,5,0.77800189156134614
2026092209,6,-0.62657976357912848
2026092209,7,0.65621575115032671
2026092209,8,-0.87991894567512652
2026092209,9,0.66178820837796859
2026092209,10,-0.019305788715605381
2026092209,11,-0.29040587673639157
2026092209,12,-1.6809606576680791
2026092209,13,1.6673558806967748
2026092209,14,-1.4511909344361784
2026092209,15,-1.7276075639045414
2026092209,16,0.68311045950006211
2026092209,17,-1.8334301214045297
2026092209,18,-0.16314510315882649
2026092209,19,-2.0779059971796006
2026092209,20,0.48982836488987025
2026092210,1,-0.1046438067175449
2026092210,2,1.5908677287674204
2026092210,3,0.072445415332283061
2026092210,4,0.16966307716709897
2026092210,5,0.61673975464066233
2026092210,6,-0.95590749255003604
2026092210,7,2.2297821223149161
2026092210,8,1.0864071349352247
2026092210,9,1.3676509899756906
2026092210,10,0.11920283990446769
2026092210,11,0.28046990362287127
2026092210,12,-1.3932877477788106
2026092210,13,0.1642442531862513
2026092210,14,-1.1288035978842901
2026092210,15,1.5531091011688274
2026092210,16,2.4715402852999215
2026092210,17,0.66427713398058463
2026092210,18,-0.49791497126337636
2026092210,19,0.23980651432893588
2026092210,20,0.64148159697659302
2026092211,1,0.10459066897912303
2026092211,2,0.79185160443456104
2026092211,3,1.7776553065857497
2026092211,4,-1.1492633427762504
2026092211,5,0.46486005263936053
2026092211,6,1.4005819238970787
2026092211,7,-0.81519404594133571
2026092211,8,0.7824481766741298
2026092211,9,0.92872959010864697
2026092211,10,0.87538548463980626
2026092211,11,0.5945670525903598
2026092211,12,1.2362448050007255
2026092211,13,1.950178507691313
2026092211,14,-0.5427281867146625
2026092211,15,-0.9213852462098524
2026092211,16,2.5420535067707837
2026092211,17,0.7473902966737308
2026092211,18,1.0459509365516337
2026092211,19,0.87722947632413062
2026092211,20,0.62804050972188474
2026092212,1,2.6184515824861845
2026092212,2,-0.5679906729925972
2026092212,3,0.25648825815665888
2026092212,4,0.41018564680479203
2026092212,5,-0.12017970479687817
2026092212,6,2.0274380331769546
2026092212,7,0.053485948295681034
2026092212,8,-1.1146547956323105
2026092212,9,0.60685718121013554
2026092212,10,-1.4137479539756594
2026092212,11,-1.1696074376635468
2026092212,12,0.5468269133702367
2026092212,13,-1.8003777029683419
2026092212,14,2.1877514656320165
2026092212,15,-0.22093239052536684
2026092212,16,-1.9389838924538516
2026092212,17,-0.27380394335927638
2026092212,18,-1.3787222841667639
2026092212,19,0.2534974448166864
2026092212,20,1.4627248465900031
2026092213,1,-0.47273552810126035
2026092213,2,-0.15750938217712895
2026092213,3,0.081905686794025073
2026092213,4,0.84147778973680976
2026092213,5,0.21165878008895944
2026092213,6,-2.2835848907156411
2026092213,7,-1.1527912484596226
2026092213,8,0.59560802130356605
2026092213,9,-0.38370479224031562
2026092213,10,-0.64278663032523364
2026092213,11,-1.3363074789539833
2026092213,12,-0.4066056314849672
2026092213,13,-0.36399025008868457
2026092213,14,0.37394559664143512
2026092213,15,-0.0088678476098680882
2026092213,16,0.86393070703069796
2026092213,17,-0.051646587156797139
2026092213,18,0.57410080878096803
2026092213,19,-0.59320814707706471
2026092213,20,-1.5191095996237498
2026092214,1,-0.25854581649046082
2026092214,2,1.8077683620743348
2026092214,3,-0.56647520497425652
2026092214,4,-0.078823935199188774
2026092214,5,1.5314978996575079
2026092214,6,0.022368795261284925
2026092214,7,0.62119076752575464
2026092214,8,1.1016435195710812
2026092214,9,-0.89206671356003109
2026092214,10,0.13473274965677143
2026092214,11,0.93856427772105167
2026092214,12,-0.54828940900688994
2026092214,13,-0.13316373050141847
2026092214,14,-2.1090182222114362
2026092214,15,-1.1775991845452152
2026092214,16,0.66537019315386048
2026092214,17,1.0300837163792185
2026092214,18,-0.61307134308890321
2026092214,19,0.68951761216013585
2026092214,20,-1.5462860900356492
2026092215,1,0.62806998553718973
2026092215,2,-0.88571432408889728
2026092215,3,0.49178993085636791
2026092215,4,0.31440481173088342
2026092215,5,-0.37167625881659688
2026092215,6,-1.3540025432061982
2026092215,7,-0.18266530355674823
2026092215,8,-1.3784298209515375
2026092215,9,1.5113483835472497
2026092215,10,-1.1138604088939827
2026092215,11,-1.1081680878650051
2026092215,12,-0.88467702469540066
2026092215,13,-0.29870036172835829
2026092215,14,-0.55264498079383784
2026092215,15,1.207386430942315
2026092215,16,2.0830875419312447
2026092215,17,0.43282712990216926
2026092215,18,-0.23666394514094796
2026092215,19,-2.0655350600293367
2026092215,20,1.1627460376499186
2026092216,1,-0.21517958160120854
2026092216,2,0.65543680410392702
2026092216,3,1.7977553576470648
2026092216,4,-0.52644652444937401
2026092216,5,-0.44561502561493022
2026092216,6,0.99852853575473843
2026092216,7,0.71284888240338007
2026092216,8,0.31252910134080431
2026092216,9,-1.5018096271945971
2026092216,10,0.62509380886922761
2026092216,11,1.6622289452934187
2026092216,12,0.5954820218669874
2026092216,13,1.9014585801420836
2026092216,14,-1.2753351200884175
2026092216,15,0.35302964391622604
2026092216,16,1.5688781080049741
2026092216,17,0.97639441816146888
2026092216,18,1.2349968843512302
2026092216,19,-0.12963331286595361
2026092216,20,1.5985024739268145
2026092217,1,1.0916998066986838
2026092217,2,-0.1363888642943154
2026092217,3,-1.0629417002772668
2026092217,4,1.8222522058016248
2026092217,5,-0.7285013620464541
2026092217,6,-0.75015426511876127
2026092217,7,-0.40865086098167036
2026092217,8,-1.811325253426235
2026092217,9,-0.091880512039160353
2026092217,10,0.82404276067857429
2026092217,11,-0.70962739970897937
2026092217,12,-0.62690334243502988
2026092217,13,0.16877690203255766
2026092217,14,1.7893860749928066
2026092217,15,-0.34162622355180855
2026092217,16,1.2427226825674245
2026092217,17,0.027088602915397244
2026092217,18,0.34790326223556683
2026092217,19,0.31719112337660682
2026092217,20,0.35219509428765083
2026092218,1,0.85485695862245414
2026092218,2,-0.23780200274149238
2026092218,3,-0.33035498104878247
2026092218,4,0.46731142496145234
2026092218,5,-0.17634576203311325
2026092218,6,-0.27445646602077878
2026092218,7,-0.64491740791193197
2026092218,8,2.5521254330585679
2026092218,9,0.80849013210382314
2026092218,10,-1.5743366154258729
2026092218,11,-1.14654928723646
2026092218,12,-0.77852643807543698
2026092218,13,-1.2026376837484125
2026092218,14,0.11203016202285651
2026092218,15,0.88709507779550745
2026092218,16,-1.0609598374455065
2026092218,17,0.25339818227508537
2026092218,18,-0.52225431600281691
2026092218,19,0.29226702500148455
2026092218,20,0.017103784028855946
2026092219,1,-0.018875471408982717
2026092219,2,0.50155081230978538
2026092219,3,1.2295699448517388
2026092219,4,-2.1517234749212655
2026092219,5,1.6945183306069636
2026092219,6,1.7426388392024854
2026092219,7,0.22895473614302966
2026092219,8,1.1941682102337468
2026092219,9,0.084090187732745847
2026092219,10,-0.8035129364082656
2026092219,11,-0.78932566861289288
2026092219,12,-0.40683111573254899
2026092219,13,0.58536345986167859
2026092219,14,-0.21491886891064221
2026092219,15,-0.73618291514971479
2026092219,16,0.0029039015168475014
2026092219,17,0.052466360445841069
2026092219,18,-1.8892943577114363
2026092219,19,0.20937521632402153
2026092219,20,-0.5327409745563586
2026092220,1,-0.21960769263594934
2026092220,2,-0.57122679841398283
2026092220,3,0.16720496537589902
2026092220,4,-0.16370897574941107
2026092220,5,-0.68521431604505567
2026092220,6,1.6162052395360178
2026092220,7,-0.33524654207291549
2026092220,8,0.78935297405175953
2026092220,9,0.4960160611799756
2026092220,10,0.89323952695356734
2026092220,11,0.91831110604588151
2026092220,12,0.21463238679321464
2026092220,13,0.023586701403850441
2026092220,14,0.64242807497582788
2026092220,15,0.72897001565172947
2026092220,16,0.21654896826522138
2026092220,17,-1.3261924005474734
2026092220,18,0.4274834477342595
2026092220,19,-0.89024941487270493
2026092220,20,-0.055149953276085115
2026092221,1,0.38799184822008465
2026092221,2,-1.605419952870176
2026092221,3,0.98284926712382892
2026092221,4,0.26216753495661821
2026092221,5,-1.3166573186216641
2026092221,6,-0.40140323555480784
2026092221,7,1.2831446776415001
2026092221,8,1.0702520665267992
2026092221,9,-0.50037836334749974
2026092221,10,0.26254080906911187
2026092221,11,0.62865417290834869
2026092221,12,1.034657018149316
2026092221,13,1.5933401212441438
2026092221,14,-0.50134187586651835
2026092221,15,0.071544901414873255
2026092221,16,0.54757991941252648
2026092221,17,0.30225379275225167
2026092221,18,-1.1759604457111539
2026092221,19,0.94037486358408795
2026092221,20,0.35088055218584652
2026092222,1,-1.3558088216365671
2026092222,2,1.4124396477768546
2026092222,3,0.59820400530261486
2026092222,4,-0.19591594289078507
2026092222,5,0.51651796489958424
2026092222,6,1.6923111020534567
2026092222,7,-0.53040334228121733
2026092222,8,-0.28326250943378456
2026092222,9,0.49532768471666977
2026092222,10,-1.9165498805142784
2026092222,11,0.085290553346271197
2026092222,12,0.26637220842248027
2026092222,13,-0.72345195755403324
2026092222,14,0.48700430237826925
2026092222,15,0.21146146086611967
2026092222,16,-1.6830872283221925
2026092222,17,-0.50498008129447125
2026092222,18,-1.3951544802705238
2026092222,19,-1.8256204375472842
2026092222,20,-0.74810601123682952
2026092223,1,-1.3649607820066847
2026092223,2,1.3388707859117586
2026092223,3,-1.1784165985045283
2026092223,4,-0.38313528375192513
2026092223,5,-0.11520303603632069
2026092223,6,-0.37317488792469028
2026092223,7,0.96930765557681187
2026092223,8,-0.57465944497614951
2026092223,9,-0.64119096107335438
2026092223,10,-0.81875360279460552
2026092223,11,1.0482288376356195
2026092223,12,-0.55245624719184006
2026092223,13,-0.41998930665197481
2026092223,14,-0.58170264993763721
2026092223,15,-0.1412524010796799
2026092223,16,0.97861544665366884
2026092223,17,-1.1986240192026487
2026092223,18,-0.24252277762372318
2026092223,19,0.12579394871176938
2026092223,20,0.76916289530565451
2026092224,1,0.23054024992605415
2026092224,2,1.5448630454205212
2026092224,3,0.099889527842483963
2026092224,4,1.210223053844206
2026092224,5,-0.21999384899798652
2026092224,6,-1.074965450728864
2026092224,7,0.35979048573171013
2026092224,8,-1.3393311501976786
2026092224,9,0.29042550428697655
2026092224,10,-0.91678297658878183
2026092224,11,0.35921781998160385
2026092224,12,0.081606085153227342
2026092224,13,-0.33452659498841503
2026092224,14,-1.6140893553470559
2026092224,15,0.98939303830292336
2026092224,16,-0.0034767272134004126
2026092224,17,0.12932471712727894
2026092224,18,0.93641704241744728
2026092224,19,2.3543813794603921
2026092224,20,-0.050055475029024535
2026092225,1,0.47749954737706934
2026092225,2,1.83638736991294
2026092225,3,0.283552252331981
2026092225,4,2.0748786594861759
2026092225,5,1.5539402688942836
2026092225,6,-0.49097228089886208
2026092225,7,0.87726313606232742
2026092225,8,1.5533545909425024
2026092225,9,-0.71153349475890393
2026092225,10,-0.43491833267804109
2026092225,11,0.35546773106474716
2026092225,12,-2.424720314713837
2026092225,13,-0.40720339647299342
2026092225,14,-0.8344639044676353
2026092225,15,-0.7606846325316784
2026092225,16,-0.6037018199305606
2026092225,17,1.0352121091021362
2026092225,18,0.68129678528812043
2026092225,19,0.93027706676638422
2026092225,20,-0.9736580292084781
2026092226,1,-0.51162248343151551
2026092226,2,-0.91085668574898182
2026092226,3,0.14059884238862957
2026092226,4,0.96658970788480358
2026092226,5,0.25823356916666057
2026092226,6,0.88189898200348937
2026092226,7,-0.50201230863594237
2026092226,8,-0.95870668661592029
2026092226,9,0.35612960823300122
2026092226,10,-0.2840992310475644
2026092226,11,0.77106114973134199
2026092226,12,-0.27168937695564244
2026092226,13,0.098624882760634719
2026092226,14,-1.2929790109347212
2026092226,15,0.7496654357390542
2026092226,16,0.17388515619633862
2026092226,17,-3.1042986904090091
2026092226,18,-1.4709296438167148
2026092226,19,1.4098177650975969
2026092226,20,-0.092371044563270402
2026092227,1,-1.6996020639402589
2026092227,2,-1.3223746726821426
2026092227,3,1.55758971793832
2026092227,4,0.61357360528588523
2026092227,5,-1.3697904293644021
2026092227,6,-0.59220362657960635
2026092227,7,-0.014777096074606618
2026092227,8,0.45943668979541757
2026092227,9,-0.81864608536783945
2026092227,10,1.570952234930088
2026092227,11,0.57629888112044125
2026092227,12,0.89769894777304204
2026092227,13,1.8370068313332233
2026092227,14,0.8925648286049096
2026092227,15,0.60356069012408486
2026092227,16,1.7210184355711184
2026092227,17,0.020993265836463052
2026092227,18,-1.3039026047067139
2026092227,19,0.86331895830336314
2026092227,20,-1.3305727166252628
2026092228,1,0.16385822109134518
2026092228,2,-0.11284398617552611
2026092228,3,-0.33523235993028239
2026092228,4,0.16234584986917727
2026092228,5,0.90475879301423023
2026092228,6,-1.6693068141635379
2026092228,7,-1.9185077780611755
2026092228,8,1.3749628289079059
2026092228,9,-0.14852817633245913
2026092228,10,0.67206046272146658
2026092228,11,1.9873117517386298
2026092228,12,-0.11860100478260378
2026092228,13,-2.9009618330503648
2026092228,14,0.62249676455365166
2026092228,15,-0.017000868231329257
2026092228,16,1.4766272288936126
2026092228,17,1.7143220271747257
2026092228,18,0.66249038763600099
2026092228,19,-0.32004180219221329
2026092228,20,-0.97942855897409797
2026092229,1,1.0469799940099387
2026092229,2,-2.324513607383023
2026092229,3,-0.61721457454728634
2026092229,4,0.73965463664100928
2026092229,5,0.35231940863720435
2026092229,6,0.55092620804963433
2026092229,7,-1.6036955645628936
2026092229,8,0.8839413383391943
2026092229,9,-0.44230996398706279
2026092229,10,-0.0063298557032404924
2026092229,11,1.2843090798537895
2026092229,12,0.1579684606624521
2026092229,13,-0.80663754502367035
2026092229,14,-0.56797655463294761
2026092229,15,0.40062010555358635
2026092229,16,-0.8048440611572758
2026092229,17,-0.37127073850726233
2026092229,18,-1.3922740344330478
2026092229,19,1.1768856433584698
2026092229,20,0.12287187417352433
2026092230,1,-0.43192255270884911
2026092230,2,-0.48120997185509251
2026092230,3,-1.7308509112464854
2026092230,4,0.020487671517737466
2026092230,5,-0.51366922364339862
2026092230,6,0.11609525727099319
2026092230,7,-0.57296583701166226
2026092230,8,0.90652591121427728
2026092230,9,-0.16717095841141286
2026092230,10,0.23291203387593951
2026092230,11,-0.73660066829693716
2026092230,12,1.0114423359366509
2026092230,13,1.6662648555511399
2026092230,14,0.3387755040211613
2026092230,15,-0.5523800272778574
2026092230,16,0.31170665842681539
2026092230,17,-1.1551953568851527
2026092230,18,0.75951571322883937
2026092230,19,1.2551048868913894
2026092230,20,1.4641748224546676
2026092231,1,0.52604019049092221
2026092231,2,-0.11931216906349858
2026092231,3,-0.27562941629778787
2026092231,4,0.52363441284859502
2026092231,5,-0.6083660424167816
2026092231,6,0.49377711942932972
2026092231,7,-1.0164172713568747
2026092231,8,-0.46760019056832414
2026092231,9,0.87231125933754428
2026092231,10,-1.4365176837533786
2026092231,11,-0.65717058254717897
2026092231,12,-0.65258564378584805
2026092231,13,-0.8459643341078168
2026092231,14,-0.37916093115470284
2026092231,15,-1.9005895503927202
2026092231,16,0.10956006986589413
2026092231,17,0.036621644438183346
2026092231,18,0.41363516213159557
2026092231,19,-2.0847724581573908
2026092231,20,0.62689967225636734
2026092232,1,0.50757701526242105
2026092232,2,0.028561522489940334
2026092232,3,-1.2280157627014663
2026092232,4,-0.86549531207581243
2026092232,5,0.66661971358230321
2026092232,6,-0.57501377918344299
2026092232,7,1.2540530889705537
2026092232,8,-0.21205979397933988
2026092232,9,1.0696190222025193
2026092232,10,0.16524806159232197
2026092232,11,-2.4298255939133013
2026092232,12,0.62427429761419262
2026092232,13,-0.12451829492244808
2026092232,14,-0.66114979910745886
2026092232,15,-1.5642651568218993
2026092232,16,-1.348417441404288
2026092232,17,-1.0104148208416475
2026092232,18,-0.40980140088987138
2026092232,19,1.2027303706640267
2026092232,20,0.7946220282820845
2026092233,1,-0.63751997285395179
2026092233,2,1.721608333202991
2026092233,3,0.52621127946514545
2026092233,4,0.084348120253693468
2026092233,5,-0.3516823249315626
2026092233,6,0.41468978564097897
2026092233,7,1.4281744834054912
2026092233,8,0.079411429036140818
2026092233,9,-1.3698265608701055
2026092233,10,0.015454045203588373
2026092233,11,-0.11762789257376893
2026092233,12,-1.032392788534517
2026092233,13,-0.99751710825944251
2026092233,14,-0.13288319211828065
2026092233,15,1.6416598408324319
2026092233,16,-1.4479903177360705
2026092233,17,-1.0398763412294494
2026092233,18,0.32394725921815321
2026092233,19,1.3850625365155467
2026092233,20,0.16810864280198937
2026092234,1,1.5726312931236501
2026092234,2,0.91051916095883767
2026092234,3,-1.6643256496962084
2026092234,4,-0.23029659422954687
2026092234,5,2.3422741396739952
2026092234,6,-1.1451575514313947
2026092234,7,-1.1748698598684075
2026092234,8,0.33358044827174316
2026092234,9,-0.040649803448550896
2026092234,10,1.2840944783109964
2026092234,11,0.25560828248053225
2026092234,12,-1.7448484903233825
2026092234,13,1.0154783908654668
2026092234,14,-1.5560808786353333
2026092234,15,-1.0489698735418438
2026092234,16,2.0908490237534294
2026092234,17,2.0978339035229263
2026092234,18,-1.1547588828794351
2026092234,19,-0.27559638225022515
2026092234,20,2.525838688722517
2026092235,1,0.67547036579181075
2026092235,2,-0.043102622752897793
2026092235,3,0.10083485571777268
2026092235,4,-0.32771525626631548
2026092235,5,-1.1419841480660444
2026092235,6,1.0728309462866303
2026092235,7,1.2826111966200859
2026092235,8,-1.7092537352873098
2026092235,9,0.39148456122623426
2026092235,10,0.21682336954173886
2026092235,11,0.97407603839904833
2026092235,12,-0.28046262897554214
2026092235,13,0.73559923207964673
2026092235,14,0.95856840525764297
2026092235,15,0.82229263490332816
2026092235,16,-1.2464644550858046
2026092235,17,-0.48367138789365421
2026092235,18,-0.12017584049452407
2026092235,19,-1.1736194241791604
2026092235,20,-0.23829504391246595
2026092236,1,-1.274436494284326
2026092236,2,-0.6090048040310716
2026092236,3,-0.88199970055873766
2026092236,4,-0.86495139328749482
2026092236,5,-0.38328347266400004
2026092236,6,-0.044741414983178518
2026092236,7,0.13773376072612609
2026092236,8,-2.6718763633854223
2026092236,9,1.183033728515916
2026092236,10,-0.26792188157057828
2026092236,11,-1.153044962350569
2026092236,12,-0.26992859679475523
2026092236,13,-2.3622198652408395
2026092236,14,-0.74233694832291286
2026092236,15,0.39657696392793329
2026092236,16,0.84230834870278781
2026092236,17,-0.54583530922859025
2026092236,18,0.81069329144733826
2026092236,19,0.26767676232849497
2026092236,20,-0.25075181215531261
2026092237,1,-1.9736442238547776
2026092237,2,-0.34655852714538971
2026092237,3,0.20951725991871797
2026092237,4,0.65627776058879639
2026092237,5,-1.8220956313385959
2026092237,6,1.1111856104448503
2026092237,7,0.066464359723036021
2026092237,8,1.1506460620884427
2026092237,9,-1.0994116093486308
2026092237,10,1.8539977696455314
2026092237,11,1.7771261269554481
2026092237,12,-0.22985623159621021
2026092237,13,0.91965267654390281
2026092237,14,-1.5523759900614165
2026092237,15,1.3645466663037336
2026092237,16,-0.90080857881962384
2026092237,17,-0.17533908516191105
2026092237,18,-2.3045729408834257
2026092237,19,-1.1224303401100735
2026092237,20,0.8292180325632561
2026092238,1,-0.93813257302600561
2026092238,2,1.4453200305374432
2026092238,3,0.080807961316224433
2026092238,4,0.18501100252494937
2026092238,5,-0.34001884082496564
2026092238,6,1.4798678557744254
2026092238,7,-0.90852565931423013
2026092238,8,0.55966493304272447
2026092238,9,0.94302478137265255
2026092238,10,0.32197170268981795
2026092238,11,-1.2413856658139781
2026092238,12,0.13881163179807932
2026092238,13,-0.15500108460443585
2026092238,14,-0.29594863300847701
2026092238,15,1.4459865197685082
2026092238,16,-0.26062846700890124
2026092238,17,-0.0091055210184010672
2026092238,18,-0.20301879382836063
2026092238,19,0.93517190988291099
2026092238,20,-0.51402181296128069
2026092239,1,2.8797465315549511
2026092239,2,0.088385341090482544
2026092239,3,-0.50634280019978861
2026092239,4,2.2768531268406687
2026092239,5,1.4271831460479734
2026092239,6,0.13419686476631196
2026092239,7,0.95425436606304426
2026092239,8,0.28643767674626647
2026092239,9,-0.096535660272461105
2026092239,10,0.239661123196488
2026092239,11,-0.94367978656883011
2026092239,12,0.862781696183196
2026092239,13,0.7541478729079969
2026092239,14,-0.17514377544121987
2026092239,15,-0.60771859567076159
2026092239,16,-0.47186756195813195
2026092239,17,0.044168170039116966
2026092239,18,-1.0226783978930989
2026092239,19,1.4214678869366546
2026092239,20,0.40886979420501629
2026092240,1,0.67642087269133322
2026092240,2,1.3209801011638356
2026092240,3,-1.9355149850336721
2026092240,4,0.3842583205512673
2026092240,5,0.64497972848140495
2026092240,6,1.1602101025261078
2026092240,7,0.069489140979877309
2026092240,8,1.690906338393019
2026092240,9,0.19078745315122086
2026092240,10,-0.32298665061477116
2026092240,11,1.4448693745476564
2026092240,12,1.2335821595656307
2026092240,13,-1.0943462210302655
2026092240,14,-1.0613542459959928
2026092240,15,0.58059154467094753
2026092240,16,-0.57546015064669742
2026092240,17,1.3728387037611254
2026092240,18,-0.47982360265824892
2026092240,19,-0.47571192769570897
2026092240,20,0.97401711460147655
2026092241,1,0.39686251451550819
2026092241,2,-0.44669277409635122
2026092241,3,-0.81314174193873223
2026092241,4,-1.2036111406259151
2026092241,5,1.6474982549950266
2026092241,6,-0.062775222990781129
2026092241,7,0.75729789908449152
2026092241,8,-0.79470430731749975
2026092241,9,-0.45006958220016796
2026092241,10,1.1211838994642473
2026092241,11,-0.86430107998260919
2026092241,12,-0.39666279638445823
2026092241,13,-0.91130486386972187
2026092241,14,1.8205866475892498
2026092241,15,1.107305820428252
2026092241,16,0.084082549244857863
2026092241,17,0.78489989676399685
2026092241,18,0.4025840066146732
2026092241,19,-1.5228285739299368
2026092241,20,0.16196926677238066
2026092242,1,-1.0652887038982852
2026092242,2,0.90704978297184391
2026092242,3,0.37879499595855487
2026092242,4,-0.34929596844451771
2026092242,5,-0.58366986839295609
2026092242,6,0.34031777341745978
2026092242,7,-0.43416485924768761
2026092242,8,0.1718440350607727
2026092242,9,0.19178172143726344
2026092242,10,-1.1077208980167728
2026092242,11,1.7385489277933297
2026092242,12,-2.3414747184847564
2026092242,13,0.25429656973498938
2026092242,14,0.16842405253463838
2026092242,15,-0.5956135107495163
2026092242,16,-0.25997305250141667
2026092242,17,-1.8423084543258044
2026092242,18,1.8542786768140855
2026092242,19,0.65717021220463001
2026092242,20,1.5604584774097314
2026092243,1,-1.1098310210570967
2026092243,2,0.41247509949784156
2026092243,3,1.2867902690734081
2026092243,4,0.29263447989914054
2026092243,5,-0.60228824389641633
2026092243,6,-2.1214888155796814
2026092243,7,0.017704411800014787
2026092243,8,1.0423676198992096
2026092243,9,0.92467816819876136
2026092243,10,0.34543285774953603
2026092243,11,-0.23138990375043977
2026092243,12,-0.46970643134127593
2026092243,13,-2.6937009738933488
2026092243,14,2.0425241444560376
2026092243,15,0.28297771720063808
2026092243,16,-0.3546464749231133
2026092243,17,1.0213963101397943
2026092243,18,1.2708376314488257
2026092243,19,1.5356171355170889
2026092243,20,-0.082832396106424774
2026092244,1,-0.40477916055077046
2026092244,2,0.59195129863346685
2026092244,3,-1.2217102229926133
2026092244,4,-0.20974241437188471
2026092244,5,-0.57521862542922109
2026092244,6,0.52595094623721705
2026092244,7,0.58133619851087881
2026092244,8,-1.2597989735145854
2026092244,9,0.49977097465765485
2026092244,10,0.068609052814132279
2026092244,11,-0.78270497186548738
2026092244,12,-0.8474934786555498
2026092244,13,0.5295064562983528
2026092244,14,-1.36016135130433
2026092244,15,-0.85129448766258242
2026092244,16,-0.7941184250219101
2026092244,17,-0.66657110933113606
2026092244,18,-0.59788631695498307
2026092244,19,0.59199219682543247
2026092244,20,-0.05388947325157923
2026092245,1,-0.12729292119242663
2026092245,2,0.37128002648721181
2026092245,3,0.96477879659791355
2026092245,4,-0.63619624458971713
2026092245,5,1.6194095913921749
2026092245,6,1.721974589095645
2026092245,7,0.3194644949716382
2026092245,8,-0.039199882799793556
2026092245,9,0.26272303749620995
2026092245,10,-0.23878149837514831
2026092245,11,0.26599577941731317
2026092245,12,-0.40316583912850668
2026092245,13,-1.0997017653149963
2026092245,14,-0.11939538951224693
2026092245,15,0.28616156246178287
2026092245,16,-0.96224310845762195
2026092245,17,0.010640566638794638
2026092245,18,0.081068496155277864
2026092245,19,-0.075600338809729245
2026092245,20,-2.5473613109774051
2026092246,1,0.1750678824501947
2026092246,2,-1.8028573813282858
2026092246,3,-0.21014399300116027
2026092246,4,0.98835739496359465
2026092246,5,-0.59850598905125107
2026092246,6,-0.50790590516901091
2026092246,7,-0.66485632485415536
2026092246,8,-0.95813298030457883
2026092246,9,0.97475389861457351
2026092246,10,0.4412818122326731
2026092246,11,-0.45446068582745208
2026092246,12,-1.1459876505059412
2026092246,13,0.82187441044853615
2026092246,14,1.2143169162222087
2026092246,15,-0.24754218029283581
2026092246,16,0.52470700657774194
2026092246,17,-0.72480439960202547
2026092246,18,0.56869421014097765
2026092246,19,-0.13392927678467317
2026092246,20,1.2591612165413342
2026092247,1,-0.55269101925283226
2026092247,2,-0.38064403438300376
2026092247,3,2.5649414800686507
2026092247,4,-1.0575533082941455
2026092247,5,-2.2614737949984276
2026092247,6,-0.57887610177376103
2026092247,7,-1.2256255320213174
2026092247,8,0.78892147095317666
2026092247,9,-0.59703459145970739
2026092247,10,0.70032670358096827
2026092247,11,-1.2733961164673766
2026092247,12,0.12752078641383008
2026092247,13,1.5030269295698655
2026092247,14,-1.792912884784966
2026092247,15,-0.28273606813345559
2026092247,16,-0.57799686863626099
2026092247,17,1.1968358812987312
2026092247,18,-0.43672089402885811
2026092247,19,1.0711604673886892
2026092247,20,-1.0005222687932207
2026092248,1,-0.83027117674569018
2026092248,2,-0.56685619080403915
2026092248,3,-1.4541503693450726
2026092248,4,-0.030001606756872391
2026092248,5,0.58666842425620847
2026092248,6,0.095021727329031802
2026092248,7,-0.41270712386372821
2026092248,8,1.4207370830727828
2026092248,9,-1.3189931521286022
2026092248,10,-1.5959423099058887
2026092248,11,1.2135533203552986
2026092248,12,-0.37773132991365227
2026092248,13,0.50284128845786336
2026092248,14,-0.93923097477798112
2026092248,15,-0.48355359401310921
2026092248,16,-0.84819978405121843
2026092248,17,0.65078599097863066
2026092248,18,-0.40129390614099869
2026092248,19,1.5233677837563311
2026092248,20,-1.1189265765888108
2026092249,1,0.70430784178347139
2026092249,2,-1.0386193644769524
2026092249,3,-0.14478248848417205
2026092249,4,0.49189460661891982
2026092249,5,2.2026761153871326
2026092249,6,0.63742105822620032
2026092249,7,0.78439068493781916
2026092249,8,-0.27756144453569298
2026092249,9,-0.1997149922976072
2026092249,10,-0.98724589550198749
2026092249,11,0.88397148561430128
2026092249,12,-0.80008300838063107
2026092249,13,0.30099309035314548
2026092249,14,1.9868903590293492
2026092249,15,1.4164648043222625
2026092249,16,0.10271135536769214
2026092249,17,1.5931144962317352
2026092249,18,0.08101763011291728
2026092249,19,0.61731681831944096
2026092249,20,-0.47053305130699347
2026092250,1,-0.45364316711660574
2026092250,2,-1.2795727063474231
2026092250,3,-0.68264902264994531
2026092250,4,-0.82145554819570277
2026092250,5,-0.28121519175590981
2026092250,6,0.42722492613160495
2026092250,7,1.6503707728749621
2026092250,8,0.93248721098387111
2026092250,9,-0.35317192729607921
2026092250,10,1.435306173366546
2026092250,11,-0.7721804580836209
2026092250,12,-0.83567375983576253
2026092250,13,1.2091066622099778
2026092250,14,-0.21684070941602107
2026092250,15,-1.1337976421370184
2026092250,16,0.12752985336120901
2026092250,17,-0.64345911144551027
2026092250,18,-0.28607697142754518
2026092250,19,-0.05576017823375648
2026092250,20,-0.63246942515220517
2026092251,1,-0.64945745671364119
2026092251,2,0.45911170094527598
2026092251,3,0.18987151052301229
2026092251,4,0.9123088587617959
2026092251,5,-2.010552351175185
2026092251,6,0.67939709323295194
2026092251,7,2.0838835659764485
2026092251,8,0.75345578949713488
2026092251,9,-1.9061494330745445
2026092251,10,1.8781254686367261
2026092251,11,1.1710654546861834
2026092251,12,0.48727404057640361
2026092251,13,0.83563839685867936
2026092251,14,0.36778246423412769
2026092251,15,-1.9123120604478638
2026092251,16,0.87792719692712007
2026092251,17,0.15928741218847117
2026092251,18,-0.20805676702195872
2026092251,19,1.1530860317646099
2026092251,20,-1.2072364616275004
2026092252,1,-0.34373946440303255
2026092252,2,0.229358782090022
2026092252,3,-0.22049540772058809
2026092252,4,-0.17603003681318516
2026092252,5,1.2888809658634737
2026092252,6,0.64928909867938034
2026092252,7,0.82098270726950795
2026092252,8,0.64155295521404021
2026092252,9,0.5111192500947922
2026092252,10,-1.1279462767149147
2026092252,11,0.64423654657520779
2026092252,12,-0.21265328086630481
2026092252,13,0.25547412812015224
2026092252,14,-0.96350480320402188
2026092252,15,-1.2939183999482542
2026092252,16,-2.476118509496966
2026092252,17,-0.24262425824995446
2026092252,18,0.89980170353776057
2026092252,19,-1.1501089393730579
2026092252,20,1.0340245679372086
2026092253,1,0.76157501652241688
2026092253,2,-0.46441100575479394
2026092253,3,0.59993241240093309
2026092253,4,-0.39059046134465975
2026092253,5,-1.0103953039055804
2026092253,6,0.33983134066006487
2026092253,7,-0.75305156358841596
2026092253,8,-0.28893916258840596
2026092253,9,-0.58082802634824837
2026092253,10,0.43668199092405852
2026092253,11,1.0984651787179784
2026092253,12,-0.72148385863617992
2026092253,13,1.3417955293558492
2026092253,14,-1.1071967251470642
2026092253,15,-0.24506847061164361
2026092253,16,-1.2458052423622707
2026092253,17,-1.233179455092035
2026092253,18,0.39850388947741727
2026092253,19,0.28473195185744909
2026092253,20,0.33703144376883593
2026092254,1,-1.5663115653197175
2026092254,2,0.81658016362537944
2026092254,3,-0.0074068729573064512
2026092254,4,1.5468601677422107
2026092254,5,0.4402863274831989
2026092254,6,0.51265319843698687
2026092254,7,-0.42630771308658405
2026092254,8,-0.4485167893765587
2026092254,9,0.28315834429548015
2026092254,10,1.2928476864753129
2026092254,11,-0.76582355721550754
2026092254,12,1.1529953737858674
2026092254,13,0.82303951742025205
2026092254,14,0.65244369095003629
2026092254,15,0.15338725596040587
2026092254,16,0.4140843156438303
2026092254,17,0.45834996086025348
2026092254,18,-0.82606987996612025
2026092254,19,-1.0075099199224222
2026092254,20,-1.3806014993131415
2026092255,1,0.1575090418176063
2026092255,2,1.1087989803904095
2026092255,3,0.60233635514245809
2026092255,4,-0.04989243825688916
2026092255,5,-1.6241501492240873
2026092255,6,1.4997540238917142
2026092255,7,0.81026348433427164
2026092255,8,-0.15495705749769495
2026092255,9,-1.3542982231325167
2026092255,10,-1.502741493537016
2026092255,11,0.19242336263750073
2026092255,12,-0.9969170723171209
2026092255,13,1.8398140216341239
2026092255,14,-1.4494884570083173
2026092255,15,0.97802107105882485
2026092255,16,0.48492807789167924
2026092255,17,-0.007419395507988133
2026092255,18,-0.91647198981157529
2026092255,19,0.45204529564255524
2026092255,20,-1.1309297212413771
2026092256,1,0.34329415184296624
2026092256,2,0.26527133245854123
2026092256,3,-0.29744931442292977
2026092256,4,-0.4834616944017554
2026092256,5,-0.18384078215205635
2026092256,6,0.42941705078431158
2026092256,7,-0.60058165879888892
2026092256,8,-0.32771025102587842
2026092256,9,1.6044239131630307
2026092256,10,-2.0341374424219261
2026092256,11,0.3277381995251713
2026092256,12,-0.25884925610631299
2026092256,13,0.23289148176852534
2026092256,14,0.753541198643364
2026092256,15,-0.60343647227727959
2026092256,16,0.67374623126973188
2026092256,17,-0.40504696439543397
2026092256,18,-1.4923412195871535
2026092256,19,0.21637818094473432
2026092256,20,1.0949799460077263
2026092257,1,1.8369830086596119
2026092257,2,-1.4657479953465302
2026092257,3,0.32696148242685996
2026092257,4,-1.1120080489418369
2026092257,5,0.19915484769483016
2026092257,6,1.0416093997363429
2026092257,7,-1.8176349534238978
2026092257,8,-1.7137543543201552
2026092257,9,1.0311957980774391
2026092257,10,0.48875846138001655
2026092257,11,-0.36416053475913862
2026092257,12,0.24127064255363717
2026092257,13,-1.2514829257048752
2026092257,14,1.4913811185337631
2026092257,15,-0.3512655440641933
2026092257,16,-0.60011213953804354
2026092257,17,-0.79265268019002377
2026092257,18,0.66961628614013247
2026092257,19,-1.784361645437746
2026092257,20,-0.75584512158548633
2026092258,1,0.6942190331249668
2026092258,2,-0.97596609253220723
2026092258,3,-1.3282698087555642
2026092258,4,0.61322256192761015
2026092258,5,0.99092067836197073
2026092258,6,0.64885769698648255
2026092258,7,-0.0010699457413199305
2026092258,8,0.33172960787004968
2026092258,9,-0.54955688143014592
2026092258,10,0.10785352789852964
2026092258,11,-0.99635567720576435
2026092258,12,1.6814993399203306
2026092258,13,0.037997112321506897
2026092258,14,0.85455786995163163
2026092258,15,1.1521093626131806
2026092258,16,-0.32209668477478071
2026092258,17,-0.2824670142437023
2026092258,18,0.59312303130911681
2026092258,19,-1.6343027953949907
2026092258,20,-0.41493064621856557
2026092259,1,-2.5906418050983793
2026092259,2,-0.10752911913811605
2026092259,3,-1.3044401496590405
2026092259,4,0.75722572504379682
2026092259,5,-1.0084135859972616
2026092259,6,0.45480282602951982
2026092259,7,-0.34502344547296721
2026092259,8,-0.2863263664084274
2026092259,9,1.1339274328975644
2026092259,10,1.0069646562265671
2026092259,11,-0.95324487770212241
2026092259,12,-1.7478825793262835
2026092259,13,0.34347204015614829
2026092259,14,-0.94041347888061733
2026092259,15,-1.1570130084770347
2026092259,16,-0.61730612450749711
2026092259,17,-0.28247042428684127
2026092259,18,0.35284526047918513
2026092259,19,0.53123112869890987
2026092259,20,-1.3313896769668703
2026092260,1,-0.19986714127408572
2026092260,2,-0.68378324246250943
2026092260,3,-0.57610955734533209
2026092260,4,-0.6326267586112464
2026092260,5,-1.196096861352379
2026092260,6,-0.30605304627008434
2026092260,7,-0.96142160685642608
2026092260,8,0.55930048661113718
2026092260,9,0.11891899706753503
2026092260,10,1.8533464110743791
2026092260,11,1.3410155893542857
2026092260,12,1.684404610910412
2026092260,13,-1.6791746973244592
2026092260,14,-0.64007095069582975
2026092260,15,-0.98644858299156712
2026092260,16,-0.11829155022186333
2026092260,17,0.55638903427825259
2026092260,18,-0.98315290051888327
2026092260,19,-0.52270933312765011
2026092260,20,1.4777424894605602
2026092261,1,0.78832281147062933
2026092261,2,1.4908669526751683
2026092261,3,-0.54335081688474274
2026092261,4,-1.1650311419856894
2026092261,5,-2.1443749413333615
2026092261,6,1.8777797203318465
2026092261,7,-1.3498611791710626
2026092261,8,0.48749275792206115
2026092261,9,-1.2985065540450433
2026092261,10,-0.94913518290503307
2026092261,11,0.91774643267693623
2026092261,12,-0.45720343727988022
2026092261,13,-0.29253176846304763
2026092261,14,1.0131457967703186
2026092261,15,-0.15249455401506642
2026092261,16,0.37149076385315438
2026092261,17,2.0524870387965155
2026092261,18,0.42226229865898901
2026092261,19,0.081944825180796099
2026092261,20,1.3574079536357182
2026092262,1,1.6064544736865121
2026092262,2,-0.60771609182001507
2026092262,3,0.58179668261580142
2026092262,4,0.40417138593450913
2026092262,5,-0.63684747720593793
2026092262,6,-0.52536265107513058
2026092262,7,1.2395257132885491
2026092262,8,-1.3416992320480741
2026092262,9,0.84190281264450806
2026092262,10,0.35462074408156158
2026092262,11,0.5666628659019165
2026092262,12,2.4747046200714293
2026092262,13,-0.96441617816546521
2026092262,14,-0.99475335731174375
2026092262,15,0.65940801275043459
2026092262,16,1.1924253672846252
2026092262,17,0.20176567750016949
2026092262,18,2.309229216306997
2026092262,19,0.95626600980940768
2026092262,20,0.70293736461506373
2026092263,1,1.0834561053591383
2026092263,2,0.87405067338637643
2026092263,3,-2.7037996433727431
2026092263,4,1.4020961986120031
2026092263,5,-0.25734436647531794
2026092263,6,0.36467516686555812
2026092263,7,0.28994052970846873
2026092263,8,2.3606360245605171
2026092263,9,0.97441635553244998
2026092263,10,-0.18423672370458904
2026092263,11,0.16376956384581604
2026092263,12,-0.034679693542119847
2026092263,13,-1.1508417587890682
2026092263,14,0.50000091726603757
2026092263,15,-1.4661308798589232
2026092263,16,-0.63972427869324777
2026092263,17,1.5799641362926633
2026092263,18,1.7091365679248391
2026092263,19,-0.14052589300504734
2026092263,20,-0.49478605487522659
2026092264,1,0.48275523644771767
2026092264,2,-0.018315625948807493
2026092264,3,0.90428267292257647
2026092264,4,-1.1291924454421707
2026092264,5,-2.6253171863336759
2026092264,6,1.0894435207701987
2026092264,7,-1.4411710245824616
2026092264,8,2.1136831709764539
2026092264,9,0.83254152366014633
2026092264,10,0.43968687392416872
2026092264,11,1.0169357491251925
2026092264,12,0.69539823410097001
2026092264,13,0.28577349957255471
2026092264,14,0.1428752192189382
2026092264,15,1.2966754856833993
2026092264,16,-0.15486860569958363
2026092264,17,-2.1602971567104716
2026092264,18,-2.1974435712954379
2026092264,19,-0.64246374629894532
2026092264,20,-0.38341880978952098
2026092265,1,1.23233654528018
2026092265,2,0.25476107199313186
2026092265,3,-0.31835506114635903
2026092265,4,0.33457974973646332
2026092265,5,0.69949034032289958
2026092265,6,-0.4595157461547339
2026092265,7,1.9808129807656814
2026092265,8,1.7017928767902211
2026092265,9,0.076741525309560563
2026092265,10,1.3866037803486151
2026092265,11,-0.75490642904631866
2026092265,12,1.2331909396922633
2026092265,13,-0.58777547577382927
2026092265,14,-0.30903324583740815
2026092265,15,0.86586304657333868
2026092265,16,0.71498148249558202
2026092265,17,1.3341081427353902
2026092265,18,0.069347734054646573
2026092265,19,-1.7861484980560725
2026092265,20,-2.5531765296627
2026092266,1,0.69611084955230518
2026092266,2,-1.2376757249191155
2026092266,3,1.7496571557829959
2026092266,4,0.24954594012231249
2026092266,5,0.30503958283966809
2026092266,6,-0.75448386378368348
2026092266,7,0.7614643868476707
2026092266,8,-0.60701815688462368
2026092266,9,-0.29286858355102352
2026092266,10,-0.15870808689885893
2026092266,11,-0.59286504216161429
2026092266,12,1.1303415809684791
2026092266,13,0.88480487515766981
2026092266,14,-0.56655645077875183
2026092266,15,0.1977078622351276
2026092266,16,0.44273311831833922
2026092266,17,-1.7422910833137595
2026092266,18,-0.64059514570822806
2026092266,19,0.78438251743192777
2026092266,20,0.80821194613266933
2026092267,1,0.19519016976827025
2026092267,2,0.52204268425670231
2026092267,3,-1.0184276916600152
2026092267,4,0.32110696436513847
2026092267,5,0.2851252249456438
2026092267,6,-0.62517971939131378
2026092267,7,0.55041027230744399
2026092267,8,0.5026366581314432
2026092267,9,-0.43374733817255451
2026092267,10,-1.911584734557922
2026092267,11,0.70693646090147466
2026092267,12,-0.45848686167601188
2026092267,13,0.62784840168969092
2026092267,14,1.4285168504064516
2026092267,15,-1.1329869572253652
2026092267,16,1.3027033923262583
2026092267,17,0.54463307559477392
2026092267,18,-0.75592571515896445
2026092267,19,-0.82762125338033121
2026092267,20,0.50329359362809378
2026092268,1,-0.95554154279446735
2026092268,2,-0.45634681450011971
2026092268,3,0.13856829185742914
2026092268,4,-0.51016268543404997
2026092268,5,1.5996128047250266
2026092268,6,0.4174313096392262
2026092268,7,-0.33182058922378488
2026092268,8,1.6745496725120439
2026092268,9,-0.051805976782933943
2026092268,10,0.038002038533800839
2026092268,11,-0.10384548885734445
2026092268,12,-1.5806480378342491
2026092268,13,-1.3066518380269592
2026092268,14,0.83785442402480015
2026092268,15,-0.23527751155002882
2026092268,16,0.34488627454023385
2026092268,17,0.80711427842205252
2026092268,18,-0.70931055839500889
2026092268,19,0.93267568221305075
2026092268,20,0.53963640943648439
2026092269,1,-1.5829018380379667
2026092269,2,0.96769295865753679
2026092269,3,1.6139271980144834
2026092269,4,0.50939761719843968
2026092269,5,-0.80325032472411695
2026092269,6,-0.69239856241979458
2026092269,7,-0.0092818727531175198
2026092269,8,-1.2975455680583099
2026092269,9,0.34276586904025946
2026092269,10,-0.89448661209385949
2026092269,11,-0.21572235798908065
2026092269,12,0.34187383261109461
2026092269,13,2.4328302877210435
2026092269,14,0.67724092803961244
2026092269,15,1.0191652363807759
2026092269,16,-0.23979184100709874
2026092269,17,0.30349364225172765
2026092269,18,1.2419572607627163
2026092269,19,-0.71641038235051724
2026092269,20,-0.58054832046334803
2026092270,1,-0.59999591041937905
2026092270,2,-0.62939301763149713
2026092270,3,0.37011810626711666
2026092270,4,-0.88652745105324116
2026092270,5,1.1914417082587041
2026092270,6,0.035002222818289436
2026092270,7,0.22580588974220286
2026092270,8,0.80310163771628618
2026092270,9,-0.1937143733206228
2026092270,10,0.62467667773325242
2026092270,11,-1.9078379729774342
2026092270,12,-1.6856587033138251
2026092270,13,-0.23908690316167677
2026092270,14,0.16707596518554277
2026092270,15,-0.12168303680792729
2026092270,16,-1.0513869484603591
2026092270,17,-1.3277768185547645
2026092270,18,0.31640752901093339
2026092270,19,-0.36816115822495665
2026092270,20,2.1103225902708544
2026092271,1,-1.9642553241279628
2026092271,2,1.9303673009675522
2026092271,3,-1.0864617148925075
2026092271,4,2.1564928849618035
2026092271,5,-1.0332175778588752
2026092271,6,-0.70210191112376141
2026092271,7,0.58676672540762254
2026092271,8,-2.5038607459981872
2026092271,9,-0.10118644226679223
2026092271,10,-0.067437600552292462
2026092271,11,1.6201203448238051
2026092271,12,1.3079403810625341
2026092271,13,-0.77305082353862653
2026092271,14,0.30450133304713672
2026092271,15,-0.58327963407565053
2026092271,16,-0.52717071465388043
2026092271,17,1.538072930288565
2026092271,18,0.28863236450727275
2026092271,19,1.492668403110663
2026092271,20,0.37632383176957168
2026092272,1,0.65926241164882327
2026092272,2,-1.1724439716554151
2026092272,3,0.33809901391742747
2026092272,4,0.63946361895977222
2026092272,5,0.27422194553351764
2026092272,6,0.69723696379892586
2026092272,7,-0.48985631723876333
2026092272,8,-1.0310922439402077
2026092272,9,0.83573393551321928
2026092272,10,-0.88181404570681521
2026092272,11,0.50179832702784966
2026092272,12,0.76515296773527786
2026092272,13,0.92476211159262378
2026092272,14,-2.2252265140288796
2026092272,15,-0.84773390635586965
2026092272,16,0.64481559522907739
2026092272,17,-2.940653331332614
2026092272,18,1.5097731566542172
2026092272,19,-2.4046920872212496
2026092272,20,1.1781016321261999
2026092273,1,-0.57228425772189828
2026092273,2,-0.074895167801295084
2026092273,3,-1.1025379950097456
2026092273,4,0.33292894327075856
2026092273,5,0.47767368019086354
2026092273,6,-0.57475117176755308
2026092273,7,0.092220201105739211
2026092273,8,0.54994804789818286
2026092273,9,0.25909098126099567
2026092273,10,-0.8667306125433043
2026092273,11,-0.32259670474300495
2026092273,12,-0.13168492148507224
2026092273,13,0.33378589804155057
2026092273,14,0.70707587758664647
2026092273,15,-0.10903324196565642
2026092273,16,1.5177036627509417
2026092273,17,1.1944287567050025
2026092273,18,2.5518217819708111
2026092273,19,-1.1458981834712783
2026092273,20,0.97792283546541248
2026092274,1,0.42627035001956337
2026092274,2,-0.68907923605609644
2026092274,3,0.56369400365251576
2026092274,4,1.2781343078782328
2026092274,5,0.22233733722091795
2026092274,6,0.55096412199660427
2026092274,7,-1.6555649937235488
2026092274,8,0.77353561836826512
2026092274,9,-0.68138742112558459
2026092274,10,-0.095746027809311435
2026092274,11,0.27519727864687388
2026092274,12,-2.4428471392993454
2026092274,13,0.90132376602577224
2026092274,14,1.2821357031394491
2026092274,15,0.27960564699856238
2026092274,16,-0.35248679914986947
2026092274,17,0.16869096765353508
2026092274,18,-0.90171409220657683
2026092274,19,0.75110915788594834
2026092274,20,0.0096956026948034658
2026092275,1,1.1338294642060891
2026092275,2,-1.5123810909959667
2026092275,3,2.7019337625490567
2026092275,4,-1.7001207513610872
2026092275,5,1.0514262053335599
2026092275,6,0.68742416861913425
2026092275,7,-0.41538878879011371
2026092275,8,0.78180111653154027
2026092275,9,0.56308010751477033
2026092275,10,-2.3902220639626517
2026092275,11,0.098240550827632986
2026092275,12,0.083297611932046267
2026092275,13,-0.94534043573074977
2026092275,14,-1.4676178432197853
2026092275,15,0.12663490035895431
2026092275,16,1.6417054362673387
2026092275,17,-1.2401166125822098
2026092275,18,1.1860128309422724
2026092275,19,1.4740719769640838
2026092275,20,-1.3525442945968909
2026092276,1,-1.8032042551311691
2026092276,2,0.058480359272019083
2026092276,3,-0.29249593848452665
2026092276,4,0.016307514528660274
2026092276,5,-0.65114343913951722
2026092276,6,1.5939563192842574
2026092276,7,0.76034315074168424
2026092276,8,-0.044742997021294834
2026092276,9,-0.026112052537274773
2026092276,10,-0.35959909191830763
2026092276,11,0.63414419307842407
2026092276,12,-1.0847719379184386
2026092276,13,0.43589660893776622
2026092276,14,-2.5427655645924432
2026092276,15,-0.35844190899280187
2026092276,16,-0.11084651775618605
2026092276,17,-0.082456708168241355
2026092276,18,0.041754893007617103
2026092276,19,0.60802710496828627
2026092276,20,-1.5406414147859582
2026092277,1,-0.59340866355081612
2026092277,2,0.01857632157658072
2026092277,3,-0.72167800471599097
2026092277,4,1.2412325926518395
2026092277,5,0.086833476849264762
2026092277,6,0.53164918563407448
2026092277,7,-1.2259185210975994
2026092277,8,-0.61995688539415705
2026092277,9,-1.4247099019794309
2026092277,10,0.28009060411689912
2026092277,11,-0.56732364944756275
2026092277,12,1.1116158906838984
2026092277,13,1.1851700463384596
2026092277,14,1.9875584337133496
2026092277,15,0.98222246479452846
2026092277,16,-0.52244450074333737
2026092277,17,1.2478642840980263
2026092277,18,1.8439244959379879
2026092277,19,-0.064848689199940301
2026092277,20,0.70438136324637601
2026092278,1,1.0059489350764435
2026092278,2,1.2544379797040501
2026092278,3,-0.44247935715275682
2026092278,4,-0.37038865015450834
2026092278,5,-0.36703011947770758
2026092278,6,0.8274740219034995
2026092278,7,1.1757515224704771
2026092278,8,-0.15718842187538082
2026092278,9,0.64830282864280375
2026092278,10,0.84354018695088218
2026092278,11,0.30239671481072655
2026092278,12,0.38612632114222073
2026092278,13,-0.51031518853116964
2026092278,14,-0.88905717158030972
2026092278,15,-1.5761511741612708
2026092278,16,-0.022465578147125253
2026092278,17,0.43508991587673146
2026092278,18,0.11805243919469145
2026092278,19,0.06873415815267897
2026092278,20,-1.2322400624128282
2026092279,1,0.055561366306622555
2026092279,2,1.9389780957132738
2026092279,3,1.3883964202078625
2026092279,4,0.76151062769380462
2026092279,5,0.81925917055615027
2026092279,6,-0.62862084202389001
2026092279,7,0.73289418681396312
2026092279,8,-0.30658543802662597
2026092279,9,-0.044515351796232741
2026092279,10,-0.13494893108403022
2026092279,11,-0.13323929178801205
2026092279,12,-0.82073692666948139
2026092279,13,-0.59485156544284656
2026092279,14,-1.3241537814787907
2026092279,15,0.65861337365915462
2026092279,16,-1.058018812104955
2026092279,17,1.1781270951841598
2026092279,18,-1.6228325563961412
2026092279,19,-0.7343016907012182
2026092279,20,0.10102578295568876
2026092280,1,-0.35682284967260514
2026092280,2,0.29995914560266401
2026092280,3,-1.6520402357106754
2026092280,4,0.18191756707870926
2026092280,5,-0.4966813267605692
2026092280,6,0.43945239165726996
2026092280,7,-0.21334002531503904
2026092280,8,0.36743783824312792
2026092280,9,-0.54641263569549525
2026092280,10,-0.53674477541251953
2026092280,11,-0.71313002533785985
2026092280,12,-0.29530361735712646
2026092280,13,1.3690095131407829
2026092280,14,0.043781501843613506
2026092280,15,-0.48710911877655821
2026092280,16,0.92999220720430786
2026092280,17,0.78411263013801791
2026092280,18,0.52011247829604057
2026092280,19,0.51312137802418178
2026092280,20,-0.00048595917284895981
2026092281,1,0.41887140127073635
2026092281,2,0.30954203385691775
2026092281,3,-0.3514022314701114
2026092281,4,-1.1290768731329008
2026092281,5,0.40121055330214411
2026092281,6,2.1989519198800269
2026092281,7,0.30739078301045331
2026092281,8,0.032639978537356784
2026092281,9,1.2387339073903039
2026092281,10,0.19178730664271457
2026092281,11,-0.27098530625491685
2026092281,12,-0.19456114777171041
2026092281,13,-0.75653198770777885
2026092281,14,-0.29241649263296382
2026092281,15,2.3940477362186834
2026092281,16,1.4089755159963393
2026092281,17,0.99719650999501941
2026092281,18,1.4240612620831039
2026092281,19,0.26558520335250818
2026092281,20,1.3326933751885084
2026092282,1,-1.5279103934323774
2026092282,2,0.020551361413250403
2026092282,3,-1.043035061061834
2026092282,4,0.59796436913263606
2026092282,5,0.0211843052226139
2026092282,6,-0.81689408457733403
2026092282,7,-0.48490161586035041
2026092282,8,1.323465993701568
2026092282,9,0.54526059819005024
2026092282,10,-0.32426854270992977
2026092282,11,-0.83682275818141783
2026092282,12,0.84135472345198237
2026092282,13,-0.08560701896085969
2026092282,14,-1.9653082133869464
2026092282,15,0.31745873646121359
2026092282,16,0.59996504192604405
2026092282,17,-0.47670543405762861
2026092282,18,0.67456064076862599
2026092282,19,-0.32778269504141605
2026092282,20,-1.0147686011078076
2026092283,1,1.1711767956811798
2026092283,2,-1.3286397282819331
2026092283,3,1.3835859914466651
2026092283,4,-0.92644890405058544
2026092283,5,0.26163501253520743
2026092283,6,-1.0835004197193712
2026092283,7,1.1275911651278581
2026092283,8,-0.17459419043339042
2026092283,9,0.94620841329187755
2026092283,10,-0.78647610554763681
2026092283,11,-1.3935016807883014
2026092283,12,0.081595584403868049
2026092283,13,0.020857063011524939
2026092283,14,0.29917602872424598
2026092283,15,1.519004102329742
2026092283,16,0.96189031941167058
2026092283,17,-1.0010020245480846
2026092283,18,-0.048934835872975598
2026092283,19,0.028426065573147693
2026092283,20,0.14593958976736082
2026092284,1,0.6727551835602289
2026092284,2,-0.11278092050317801
2026092284,3,0.086247086604296058
2026092284,4,0.81945240539480813
2026092284,5,1.7368629132529574
2026092284,6,1.0684453377807428
2026092284,7,-1.1552083318253887
2026092284,8,-0.75010446995711622
2026092284,9,-1.4324967661032288
2026092284,10,1.6290768795729511
2026092284,11,-1.6618330078754293
2026092284,12,-1.9499733981545764
2026092284,13,-1.06069880782773
2026092284,14,0.95525835423246663
2026092284,15,1.3292164611767769
2026092284,16,-0.013558563726575608
2026092284,17,-0.43811372255902853
2026092284,18,-0.94561050696172944
2026092284,19,0.3198108505387639
2026092284,20,-1.5077193732366363
2026092285,1,-0.14737722738961295
2026092285,2,-0.55706390898083979
2026092285,3,-0.23069092214959946
2026092285,4,-0.085598982556771258
2026092285,5,-0.055756544550151894
2026092285,6,-0.5846215513524845
2026092285,7,-0.51992820743249846
2026092285,8,-1.1502626335310255
2026092285,9,0.83884356809771632
2026092285,10,0.23511630883698453
2026092285,11,1.8420885028708056
2026092285,12,1.236525624793039
2026092285,13,-2.360648666213236
2026092285,14,-1.2519655492727975
2026092285,15,-0.41435319626935746
2026092285,16,-0.41542985779785391
2026092285,17,0.5670281792173032
2026092285,18,-0.19273319065856867
2026092285,19,-1.0729245769153062
2026092285,20,3.0947307653585976
2026092286,1,-1.2272925726359047
2026092286,2,0.20774510649239994
2026092286,3,-0.8094014999624356
2026092286,4,-0.94548675252306158
2026092286,5,-0.37765529402340925
2026092286,6,0.61814974611495765
2026092286,7,-0.95861252945408182
2026092286,8,-0.64405491710265705
2026092286,9,0.39368197429699386
2026092286,10,-0.074869106408969613
2026092286,11,0.044312904895179188
2026092286,12,0.12669729268293861
2026092286,13,0.14602917608479871
2026092286,14,0.88738811417595986
2026092286,15,0.45818997793841171
2026092286,16,1.6870079444163564
2026092286,17,-1.21110581823421
2026092286,18,0.63275899301886196
2026092286,19,1.5613420398903033
2026092286,20,0.038412742404259091
2026092287,1,-0.41366055690581061
2026092287,2,1.2441962021618875
2026092287,3,2.2547825591561885
2026092287,4,0.92189040537364431
2026092287,5,1.570789893158852
2026092287,6,1.5082309082468044
2026092287,7,0.39987010249258792
2026092287,8,-0.67777380908041329
2026092287,9,-1.1741126188834257
2026092287,10,0.18847620413315821
2026092287,11,-0.67435713463402991
2026092287,12,0.1866365260956212
2026092287,13,1.503330734986239
2026092287,14,0.93041034333549322
2026092287,15,-1.441690710690166
2026092287,16,0.15550765696088151
2026092287,17,-0.26123745717103652
2026092287,18,-0.91960057109548277
2026092287,19,0.53524661514835092
2026092287,20,0.1258734376242128
2026092288,1,0.13997076005855344
2026092288,2,-0.22613994858212358
2026092288,3,-1.0599661781947076
2026092288,4,-0.51558379610847571
2026092288,5,0.45213499984102223
2026092288,6,-0.196137689937363
2026092288,7,0.68683270933422746
2026092288,8,-0.70335091981516917
2026092288,9,1.4102376246092447
2026092288,10,0.083130220601935506
2026092288,11,1.6893393491880906
2026092288,12,-0.5111131796718934
2026092288,13,0.83714788250194228
2026092288,14,0.44129982947788071
2026092288,15,0.40688086951699326
2026092288,16,0.79424092611951924
2026092288,17,-0.09319219634670417
2026092288,18,-0.34396971058369619
2026092288,19,2.7059356557376812
2026092288,20,-0.033864733590925032
2026092289,1,1.3403740646974347
2026092289,2,-0.29127739744987508
2026092289,3,1.848836813794104
2026092289,4,1.6803152980336695
2026092289,5,-1.484915231926845
2026092289,6,-1.8635682545332302
2026092289,7,-0.49351471041871847
2026092289,8,-0.12285744237814389
2026092289,9,0.23900819521173197
2026092289,10,2.8692687436721029
2026092289,11,0.042066264250233402
2026092289,12,0.68499106748141303
2026092289,13,0.13934132340719313
2026092289,14,0.57962107793503448
2026092289,15,0.75896422036647726
2026092289,16,0.88415952866926029
2026092289,17,-0.61688115056430959
2026092289,18,-0.096257754137455909
2026092289,19,-2.0116285374289697
2026092289,20,0.00027280576816561991
2026092290,1,-0.28955580693851379
2026092290,2,-0.46151086148594483
2026092290,3,-0.40835762142035964
2026092290,4,0.055263343158463298
2026092290,5,0.3469611741265653
2026092290,6,0.98903242611409148
2026092290,7,-0.93945031584854022
2026092290,8,0.49863726820005883
2026092290,9,0.88621120124436525
2026092290,10,-0.79247587442919687
2026092290,11,1.1812366325459789
2026092290,12,-0.16548601644959668
2026092290,13,0.40407024266025421
2026092290,14,-0.57613771329387953
2026092290,15,0.46259258988136154
2026092290,16,0.59965491843501972
2026092290,17,-1.0236731939606381
2026092290,18,0.6062391219012977
2026092290,19,-0.14141180151016783
2026092290,20,-0.99107732183713926
2026092291,1,1.0924268775584816
2026092291,2,0.037818749672874803
2026092291,3,1.1080829099406635
2026092291,4,-0.64898884747562091
2026092291,5,-0.0092698481310536495
2026092291,6,1.090314270613
2026092291,7,0.52114232589285947
2026092291,8,0.54926307366416638
2026092291,9,-0.0011666357654803792
2026092291,10,1.1961698871447486
2026092291,11,-0.0077434352273647632
2026092291,12,-0.68505696883413136
2026092291,13,2.3532885397038359
2026092291,14,0.87364651724934106
2026092291,15,0.46478717215170662
2026092291,16,-0.27097447979353656
2026092291,17,0.087964904137030994
2026092291,18,-0.55737153132788775
2026092291,19,1.5090089590388645
2026092291,20,0.30407330090285328
2026092292,1,1.736584104459185
2026092292,2,-0.51603540929511382
2026092292,3,-0.41637460464447629
2026092292,4,0.41078396184080485
2026092292,5,-0.34315969730848672
2026092292,6,2.481285735655022
2026092292,7,-0.62983072702229714
2026092292,8,0.39016586709948303
2026092292,9,-0.44074124929287462
2026092292,10,0.21576103544265354
2026092292,11,0.3714742024255458
2026092292,12,0.42502725071603398
2026092292,13,0.74498363153590641
2026092292,14,0.3137800616865824
2026092292,15,-0.19139720191836701
2026092292,16,0.59833081424085144
2026092292,17,0.86359098358197117
2026092292,18,-0.28489037236490067
2026092292,19,0.29644121445581989
2026092292,20,-1.2694039481194879
2026092293,1,0.46399789490468052
2026092293,2,-0.50548148625642109
2026092293,3,1.0087728784232342
2026092293,4,-0.91717835530347591
2026092293,5,0.32518280649811354
2026092293,6,0.66397520531678089
2026092293,7,-0.25475802959191801
2026092293,8,1.1151501286180296
2026092293,9,-1.2672353978868998
2026092293,10,-0.228372706396332
2026092293,11,-0.54170754477760419
2026092293,12,0.80700865298409874
2026092293,13,-0.83613321482005176
2026092293,14,-0.56006843278861007
2026092293,15,-1.0762362318521677
2026092293,16,0.55821813141822529
2026092293,17,0.24853425793387335
2026092293,18,0.38585634033783961
2026092293,19,-0.39886888866511161
2026092293,20,0.22502753724133856
2026092294,1,-1.2469997982510581
2026092294,2,0.61781539469796554
2026092294,3,1.2429832656999329
2026092294,4,-0.17914009245304097
2026092294,5,-0.14052587594982119
2026092294,6,-0.43012719172539965
2026092294,7,-0.48072086638248962
2026092294,8,-1.9633895661856353
2026092294,9,0.45404656183341613
2026092294,10,0.42683055311756091
2026092294,11,-0.10862879807455184
2026092294,12,0.58743522391345959
2026092294,13,2.0535934734993422
2026092294,14,-1.4760902579570594
2026092294,15,-1.4804258296958825
2026092294,16,0.21958175754009973
2026092294,17,-1.7118961456955513
2026092294,18,-1.3676491472541792
2026092294,19,-0.0082835136781803324
2026092294,20,-0.057127878468205322
2026092295,1,-0.37960095385850035
2026092295,2,0.21097794622693028
2026092295,3,-0.11055698042283375
2026092295,4,0.25545726286691856
2026092295,5,0.46575183972872675
2026092295,6,-1.2829065800130559
2026092295,7,-0.19042089205166343
2026092295,8,1.7099718998818212
2026092295,9,-0.050571442062156087
2026092295,10,0.49981777874342254
2026092295,11,-0.64052875143661236
2026092295,12,-1.8253711816923024
2026092295,13,0.62002300256681708
2026092295,14,-0.66612737225170304
2026092295,15,1.0058162112719966
2026092295,16,0.1189371869774232
2026092295,17,-0.58212624866414686
2026092295,18,1.9356282562613254
2026092295,19,0.84048225585388103
2026092295,20,-0.32939046403102273
2026092296,1,-0.78240424442201106
2026092296,2,0.80759470044494153
2026092296,3,0.12143721667076027
2026092296,4,0.071127473933394733
2026092296,5,0.63107875206477626
2026092296,6,-0.88887462941878526
2026092296,7,0.57898339960689083
2026092296,8,-0.91621644640460176
2026092296,9,1.1442285400145558
2026092296,10,0.41122130298406079
2026092296,11,-0.32779485984385093
2026092296,12,-0.50260884874287248
2026092296,13,-2.6026910176235862
2026092296,14,-0.11553719101511346
2026092296,15,0.8082681952252081
2026092296,16,1.0765383312929961
2026092296,17,0.41216473698809358
2026092296,18,0.68563016021125278
2026092296,19,-0.69881158482581129
2026092296,20,-1.1914219067765106
2026092297,1,-1.3759402851467208
2026092297,2,0.66744893380558934
2026092297,3,0.49918130365857805
2026092297,4,-0.45234055396825018
2026092297,5,-0.87734917309757787
2026092297,6,-1.2453052154206605
2026092297,7,0.69393463157891389
2026092297,8,0.29514382946454781
2026092297,9,0.28268623218968558
2026092297,10,2.6568786969516585
2026092297,11,0.44917689128121674
2026092297,12,-0.30015419768938117
2026092297,13,-1.1875669385022469
2026092297,14,-0.39079423354769466
2026092297,15,-2.1403075735179264
2026092297,16,0.60860086031480387
2026092297,17,-0.9827508291267526
2026092297,18,1.0396058177161269
2026092297,19,-0.1359466057864831
2026092297,20,0.18263928329380955
2026092298,1,-0.37044566724641359
2026092298,2,0.63567662036385164
2026092298,3,-2.7168430143236786
2026092298,4,-0.54803695589968016
2026092298,5,0.17219173642195576
2026092298,6,-0.81487677267113057
2026092298,7,-0.87854320695803856
2026092298,8,-0.574500516514171
2026092298,9,-1.4761677112571747
2026092298,10,-1.5855932719142434
2026092298,11,0.87397673699290579
2026092298,12,1.7437814100346527
2026092298,13,1.2402288864752453
2026092298,14,-0.038742955145827124
2026092298,15,-0.37434993229814262
2026092298,16,-1.1532201301994707
2026092298,17,-0.1275398117677522
2026092298,18,0.90740875034556789
2026092298,19,0.26632665861501165
2026092298,20,-0.22082837345323997
2026092299,1,-0.64701554231558844
2026092299,2,-0.42930191848586879
2026092299,3,-0.91547022486135488
2026092299,4,1.2606582759067653
2026092299,5,1.1839308596111764
2026092299,6,-0.52475094216240581
2026092299,7,0.30214926010381882
2026092299,8,0.24106690053398819
2026092299,9,-0.0026053150295244306
2026092299,10,2.0281180264291585
2026092299,11,1.6193948225723103
2026092299,12,0.57607344020370421
2026092299,13,1.2589365329138029
2026092299,14,0.59411065938713703
2026092299,15,0.23934626407475246
2026092299,16,-1.2126492041894055
2026092299,17,-1.4642198439068888
2026092299,18,1.1311840472728998
2026092299,19,0.62699309011378757
2026092299,20,0.33815400396757755
